"key","year","type","emailed","downloaded","reply_received","data_sent","data_available","n_results","data_complete","analysis_clear","reproduced","code_available"
1,2014,"human observational  ",TRUE,TRUE,TRUE,FALSE,TRUE,NA,NA,NA,NA,NA
2,2016,"human experimental  ",FALSE,TRUE,FALSE,FALSE,TRUE,NA,NA,NA,NA,NA
3,1996,"nonhuman experimental  ",TRUE,FALSE,FALSE,FALSE,FALSE,NA,NA,NA,NA,NA
4,2016,"nonhuman experimental  ",TRUE,TRUE,FALSE,FALSE,TRUE,NA,NA,NA,NA,NA
5,2013,"nonhuman observational  ",TRUE,TRUE,FALSE,FALSE,TRUE,NA,NA,NA,NA,NA
6,2001,"nonhuman experimental  ",TRUE,FALSE,TRUE,TRUE,TRUE,NA,NA,NA,NA,NA
7,2005,"nonhuman experimental  ",TRUE,FALSE,FALSE,FALSE,FALSE,NA,NA,NA,NA,NA
8,1987,"nonhuman experimental  ",FALSE,FALSE,FALSE,FALSE,FALSE,NA,NA,NA,NA,NA
9,2012,"nonhuman experimental  ",TRUE,FALSE,TRUE,TRUE,TRUE,NA,NA,NA,NA,NA
10,2013,"nonhuman experimental  ",TRUE,FALSE,TRUE,TRUE,TRUE,NA,NA,NA,NA,NA
11,2015,"nonhuman experimental  ",TRUE,FALSE,TRUE,TRUE,TRUE,NA,NA,NA,NA,NA
12,2015,"nonhuman experimental  ",TRUE,FALSE,TRUE,FALSE,FALSE,NA,NA,NA,NA,NA
13,2017,"nonhuman experimental  ",FALSE,TRUE,FALSE,FALSE,TRUE,3,2,2,2,1
14,1998,"human experimental  ",FALSE,FALSE,FALSE,FALSE,FALSE,NA,NA,NA,NA,NA
15,2012,"human experimental  ",TRUE,FALSE,TRUE,TRUE,TRUE,4,2,2,0,0
16,2013,"nonhuman experimental  ",TRUE,TRUE,TRUE,FALSE,TRUE,3,3,3,3,0
17,2014,"nonhuman experimental  ",TRUE,TRUE,TRUE,FALSE,TRUE,4,4,4,4,0
18,1994,"nonhuman experimental  ",TRUE,FALSE,FALSE,FALSE,FALSE,NA,NA,NA,NA,NA
19,1999,"nonhuman observational  ",TRUE,FALSE,TRUE,FALSE,FALSE,NA,NA,NA,NA,NA
20,2001,"human experimental  ",TRUE,FALSE,TRUE,FALSE,FALSE,NA,NA,NA,NA,NA
21,2017,"nonhuman experimental  ",FALSE,TRUE,FALSE,FALSE,TRUE,NA,NA,NA,NA,NA
22,2002,"nonhuman experimental  ",TRUE,FALSE,FALSE,FALSE,FALSE,NA,NA,NA,NA,NA
23,2012,"nonhuman experimental  ",TRUE,FALSE,FALSE,FALSE,FALSE,NA,NA,NA,NA,NA
24,2015,"nonhuman experimental  ",TRUE,TRUE,FALSE,FALSE,TRUE,NA,NA,NA,NA,NA
25,2004,"human experimental  ",TRUE,FALSE,TRUE,TRUE,TRUE,NA,NA,NA,NA,NA
26,2011,"human experimental  ",TRUE,FALSE,TRUE,TRUE,TRUE,NA,NA,NA,NA,NA
27,2014,"human observational  ",TRUE,FALSE,TRUE,TRUE,TRUE,NA,NA,NA,NA,NA
28,1998,"nonhuman observational  ",TRUE,FALSE,FALSE,FALSE,FALSE,NA,NA,NA,NA,NA
29,2015,"human observational  ",TRUE,FALSE,TRUE,TRUE,TRUE,2,2,2,2,1
30,1997,"nonhuman experimental  ",TRUE,FALSE,TRUE,FALSE,FALSE,NA,NA,NA,NA,NA
31,1998,"nonhuman experimental  ",TRUE,FALSE,TRUE,FALSE,FALSE,NA,NA,NA,NA,NA
32,2002,"nonhuman experimental  ",TRUE,FALSE,TRUE,FALSE,FALSE,NA,NA,NA,NA,NA
33,2015,"human experimental  ",TRUE,TRUE,TRUE,FALSE,TRUE,NA,NA,NA,NA,NA
34,2002,"human observational  ",TRUE,FALSE,FALSE,FALSE,FALSE,NA,NA,NA,NA,NA
35,2003,"nonhuman experimental  ",TRUE,FALSE,FALSE,FALSE,FALSE,NA,NA,NA,NA,NA
36,2005,"human observational  ",TRUE,FALSE,FALSE,FALSE,FALSE,NA,NA,NA,NA,NA
37,1991,"nonhuman observational  ",FALSE,TRUE,FALSE,FALSE,TRUE,3,3,3,3,0
38,2003,"nonhuman observational  ",TRUE,TRUE,FALSE,FALSE,TRUE,NA,NA,NA,NA,NA
39,2006,"nonhuman observational  ",TRUE,FALSE,FALSE,FALSE,FALSE,NA,NA,NA,NA,NA
40,2007,"nonhuman experimental  ",TRUE,FALSE,FALSE,FALSE,FALSE,NA,NA,NA,NA,NA
41,2007,"nonhuman experimental  ",TRUE,FALSE,FALSE,FALSE,FALSE,NA,NA,NA,NA,NA
42,2008,"nonhuman experimental  ",TRUE,FALSE,TRUE,FALSE,FALSE,NA,NA,NA,NA,NA
43,2014,"nonhuman experimental  ",TRUE,FALSE,TRUE,FALSE,FALSE,NA,NA,NA,NA,NA
44,2007,"nonhuman experimental  ",TRUE,FALSE,TRUE,FALSE,FALSE,NA,NA,NA,NA,NA
45,2016,"human observational  ",TRUE,FALSE,TRUE,FALSE,FALSE,NA,NA,NA,NA,NA
46,2016,"human observational  ",TRUE,FALSE,TRUE,FALSE,FALSE,NA,NA,NA,NA,NA
47,2017,"human observational  ",TRUE,FALSE,TRUE,FALSE,FALSE,NA,NA,NA,NA,NA
48,1996,"nonhuman experimental  ",TRUE,FALSE,TRUE,FALSE,FALSE,NA,NA,NA,NA,NA
49,1999,"nonhuman experimental  ",TRUE,FALSE,TRUE,FALSE,FALSE,NA,NA,NA,NA,NA
50,2003,"nonhuman experimental  ",TRUE,FALSE,TRUE,TRUE,TRUE,NA,NA,NA,NA,NA
51,2002,"nonhuman experimental  ",TRUE,FALSE,TRUE,FALSE,FALSE,NA,NA,NA,NA,NA
52,2005,"nonhuman experimental  ",TRUE,FALSE,FALSE,FALSE,FALSE,NA,NA,NA,NA,NA
53,2007,"human experimental  ",TRUE,FALSE,FALSE,FALSE,FALSE,NA,NA,NA,NA,NA
54,1997,"nonhuman experimental  ",TRUE,FALSE,TRUE,FALSE,FALSE,NA,NA,NA,NA,NA
55,2002,"nonhuman experimental  ",TRUE,FALSE,TRUE,FALSE,FALSE,NA,NA,NA,NA,NA
56,2016,"human experimental  ",TRUE,FALSE,TRUE,FALSE,FALSE,NA,NA,NA,NA,NA
57,2009,"nonhuman experimental  ",TRUE,FALSE,TRUE,FALSE,FALSE,NA,NA,NA,NA,NA
58,1993,"nonhuman observational  ",TRUE,FALSE,TRUE,FALSE,FALSE,NA,NA,NA,NA,NA
59,2010,"nonhuman experimental  ",TRUE,FALSE,FALSE,FALSE,FALSE,NA,NA,NA,NA,NA
60,2003,"nonhuman experimental  ",TRUE,FALSE,TRUE,FALSE,FALSE,NA,NA,NA,NA,NA
61,2009,"human experimental  ",TRUE,FALSE,TRUE,FALSE,FALSE,NA,NA,NA,NA,NA
62,2010,"human experimental  ",TRUE,FALSE,TRUE,FALSE,FALSE,NA,NA,NA,NA,NA
63,2010,"human experimental  ",TRUE,FALSE,TRUE,FALSE,FALSE,NA,NA,NA,NA,NA
64,2012,"human experimental  ",TRUE,FALSE,TRUE,TRUE,TRUE,NA,NA,NA,NA,NA
65,2012,"human experimental  ",TRUE,FALSE,TRUE,FALSE,FALSE,NA,NA,NA,NA,NA
66,2014,"human experimental  ",TRUE,FALSE,TRUE,FALSE,FALSE,NA,NA,NA,NA,NA
67,2017,"human experimental  ",TRUE,FALSE,TRUE,TRUE,TRUE,NA,NA,NA,NA,NA
68,1994,"nonhuman experimental  ",TRUE,FALSE,TRUE,FALSE,FALSE,NA,NA,NA,NA,NA
69,2005,"human experimental  ",TRUE,FALSE,TRUE,FALSE,FALSE,NA,NA,NA,NA,NA
70,1981,"nonhuman experimental  ",FALSE,FALSE,FALSE,FALSE,FALSE,NA,NA,NA,NA,NA
71,1997,"nonhuman observational  ",TRUE,FALSE,TRUE,FALSE,FALSE,NA,NA,NA,NA,NA
72,1995,"human experimental  ",TRUE,FALSE,TRUE,FALSE,FALSE,NA,NA,NA,NA,NA
73,1998,"human experimental  ",TRUE,FALSE,TRUE,FALSE,FALSE,NA,NA,NA,NA,NA
74,2015,"human experimental  ",TRUE,FALSE,FALSE,FALSE,FALSE,NA,NA,NA,NA,NA
75,1992,"nonhuman experimental  ",TRUE,FALSE,FALSE,FALSE,FALSE,NA,NA,NA,NA,NA
76,2012,"human experimental  ",TRUE,FALSE,TRUE,TRUE,TRUE,NA,NA,NA,NA,NA
77,2012,"human experimental  ",TRUE,FALSE,TRUE,TRUE,TRUE,2,2,2,2,0
78,2013,"nonhuman experimental  ",TRUE,FALSE,TRUE,FALSE,FALSE,NA,NA,NA,NA,NA
79,2014,"nonhuman experimental  ",TRUE,TRUE,TRUE,FALSE,TRUE,NA,NA,NA,NA,NA
80,2010,"nonhuman observational  ",TRUE,FALSE,FALSE,FALSE,FALSE,NA,NA,NA,NA,NA
81,2002,"nonhuman experimental  ",TRUE,FALSE,FALSE,FALSE,FALSE,NA,NA,NA,NA,NA
82,2015,"nonhuman observational  ",TRUE,FALSE,FALSE,FALSE,FALSE,NA,NA,NA,NA,NA
83,1988,"nonhuman experimental  ",TRUE,FALSE,FALSE,FALSE,FALSE,NA,NA,NA,NA,NA
84,2014,"human experimental  ",TRUE,FALSE,TRUE,TRUE,TRUE,NA,NA,NA,NA,NA
85,2003,"nonhuman experimental  ",TRUE,FALSE,TRUE,FALSE,FALSE,NA,NA,NA,NA,NA
86,2005,"nonhuman experimental  ",FALSE,FALSE,FALSE,FALSE,FALSE,NA,NA,NA,NA,NA
87,2005,"nonhuman experimental  ",TRUE,FALSE,FALSE,FALSE,FALSE,NA,NA,NA,NA,NA
88,2009,"human experimental  ",TRUE,FALSE,FALSE,FALSE,FALSE,NA,NA,NA,NA,NA
89,2010,"human experimental  ",TRUE,FALSE,FALSE,FALSE,FALSE,NA,NA,NA,NA,NA
90,2007,"nonhuman experimental  ",TRUE,FALSE,TRUE,TRUE,TRUE,1,1,1,1,0
91,2016,"human observational  ",TRUE,FALSE,TRUE,TRUE,TRUE,NA,NA,NA,NA,NA
92,1978,"nonhuman experimental  ",TRUE,FALSE,TRUE,FALSE,FALSE,NA,NA,NA,NA,NA
93,1978,"nonhuman experimental  ",TRUE,FALSE,TRUE,FALSE,FALSE,NA,NA,NA,NA,NA
94,1988,"nonhuman experimental  ",TRUE,FALSE,TRUE,FALSE,FALSE,NA,NA,NA,NA,NA
95,1999,"nonhuman experimental  ",TRUE,FALSE,FALSE,FALSE,FALSE,NA,NA,NA,NA,NA
96,2001,"nonhuman experimental  ",TRUE,FALSE,FALSE,FALSE,FALSE,NA,NA,NA,NA,NA
97,2011,"human experimental  ",TRUE,FALSE,TRUE,TRUE,TRUE,3,3,3,3,0
98,2014,"human experimental  ",TRUE,FALSE,TRUE,TRUE,TRUE,NA,NA,NA,NA,NA
99,2004,"nonhuman experimental  ",TRUE,FALSE,TRUE,FALSE,FALSE,NA,NA,NA,NA,NA
100,2009,"nonhuman experimental  ",TRUE,FALSE,TRUE,FALSE,FALSE,NA,NA,NA,NA,NA
101,2016,"nonhuman experimental  ",TRUE,TRUE,TRUE,FALSE,TRUE,NA,NA,NA,NA,NA
102,1965,"nonhuman experimental  ",FALSE,FALSE,FALSE,FALSE,FALSE,NA,NA,NA,NA,NA
103,2001,"nonhuman experimental  ",TRUE,FALSE,FALSE,FALSE,FALSE,NA,NA,NA,NA,NA
104,2003,"nonhuman experimental  ",TRUE,FALSE,FALSE,FALSE,FALSE,NA,NA,NA,NA,NA
105,1999,"nonhuman experimental  ",TRUE,FALSE,FALSE,FALSE,FALSE,NA,NA,NA,NA,NA
106,2012,"nonhuman experimental  ",TRUE,FALSE,FALSE,FALSE,FALSE,NA,NA,NA,NA,NA
107,2012,"human observational  ",TRUE,FALSE,TRUE,FALSE,FALSE,NA,NA,NA,NA,NA
108,1988,"nonhuman experimental  ",FALSE,FALSE,FALSE,FALSE,FALSE,NA,NA,NA,NA,NA
109,2012,"human experimental  ",TRUE,FALSE,TRUE,TRUE,TRUE,4,4,4,4,1
110,2014,"human experimental  ",TRUE,TRUE,TRUE,FALSE,TRUE,NA,NA,NA,NA,NA
111,2015,"human experimental  ",TRUE,FALSE,TRUE,TRUE,TRUE,4,4,4,4,1
112,2015,"human experimental  ",TRUE,TRUE,TRUE,FALSE,TRUE,NA,NA,NA,NA,NA
113,2016,"human experimental  ",TRUE,FALSE,TRUE,TRUE,TRUE,NA,NA,NA,NA,NA
114,2013,"human experimental  ",TRUE,FALSE,TRUE,FALSE,FALSE,NA,NA,NA,NA,NA
115,2008,"nonhuman experimental  ",TRUE,FALSE,TRUE,FALSE,FALSE,NA,NA,NA,NA,NA
116,2009,"nonhuman experimental  ",TRUE,FALSE,TRUE,FALSE,FALSE,NA,NA,NA,NA,NA
117,2011,"nonhuman experimental  ",TRUE,FALSE,TRUE,FALSE,FALSE,NA,NA,NA,NA,NA
118,2016,"human observational  ",TRUE,TRUE,FALSE,FALSE,TRUE,3,2,2,2,0
119,2008,"human experimental  ",TRUE,FALSE,TRUE,FALSE,FALSE,NA,NA,NA,NA,NA
120,2002,"nonhuman experimental  ",TRUE,FALSE,TRUE,TRUE,TRUE,NA,NA,NA,NA,NA
121,1996,"nonhuman experimental  ",TRUE,FALSE,TRUE,FALSE,FALSE,NA,NA,NA,NA,NA
122,2001,"nonhuman experimental  ",TRUE,FALSE,FALSE,FALSE,FALSE,NA,NA,NA,NA,NA
123,2004,"nonhuman experimental  ",TRUE,FALSE,FALSE,FALSE,FALSE,NA,NA,NA,NA,NA
124,1999,"nonhuman experimental  ",TRUE,FALSE,TRUE,FALSE,FALSE,NA,NA,NA,NA,NA
125,2008,"nonhuman experimental  ",TRUE,FALSE,FALSE,FALSE,FALSE,NA,NA,NA,NA,NA
126,2009,"nonhuman experimental  ",TRUE,FALSE,TRUE,FALSE,FALSE,NA,NA,NA,NA,NA
127,1992,"nonhuman experimental  ",TRUE,FALSE,FALSE,FALSE,FALSE,NA,NA,NA,NA,NA
128,1992,"nonhuman experimental  ",TRUE,FALSE,FALSE,FALSE,FALSE,NA,NA,NA,NA,NA
129,1993,"nonhuman experimental  ",TRUE,FALSE,FALSE,FALSE,FALSE,NA,NA,NA,NA,NA
130,2007,"human experimental  ",TRUE,FALSE,TRUE,TRUE,TRUE,NA,NA,NA,NA,NA
131,2007,"human experimental  ",TRUE,FALSE,FALSE,FALSE,FALSE,NA,NA,NA,NA,NA
132,2008,"human experimental  ",TRUE,FALSE,FALSE,FALSE,FALSE,NA,NA,NA,NA,NA
133,2009,"nonhuman experimental  ",TRUE,FALSE,FALSE,FALSE,FALSE,NA,NA,NA,NA,NA
134,2011,"nonhuman experimental  ",TRUE,FALSE,FALSE,FALSE,FALSE,NA,NA,NA,NA,NA
135,2012,"human experimental  ",TRUE,FALSE,TRUE,FALSE,FALSE,NA,NA,NA,NA,NA
136,2014,"human experimental  ",TRUE,FALSE,TRUE,FALSE,FALSE,NA,NA,NA,NA,NA
137,2010,"nonhuman observational  ",TRUE,FALSE,FALSE,FALSE,FALSE,NA,NA,NA,NA,NA
138,2006,"human experimental  ",TRUE,FALSE,TRUE,FALSE,FALSE,NA,NA,NA,NA,NA
139,2017,"nonhuman experimental  ",TRUE,FALSE,FALSE,FALSE,FALSE,NA,NA,NA,NA,NA
140,2005,"nonhuman experimental  ",TRUE,FALSE,FALSE,FALSE,FALSE,NA,NA,NA,NA,NA
141,2015,"nonhuman experimental  ",TRUE,FALSE,TRUE,TRUE,TRUE,2,2,0,0,0
142,2015,"nonhuman experimental  ",TRUE,TRUE,TRUE,FALSE,TRUE,NA,NA,NA,NA,NA
143,2002,"nonhuman experimental  ",TRUE,FALSE,TRUE,FALSE,FALSE,NA,NA,NA,NA,NA
144,2010,"human experimental  ",TRUE,FALSE,TRUE,TRUE,TRUE,NA,NA,NA,NA,NA
145,2009,"nonhuman experimental  ",TRUE,FALSE,TRUE,FALSE,FALSE,NA,NA,NA,NA,NA
146,2008,"nonhuman experimental  ",TRUE,FALSE,FALSE,FALSE,FALSE,NA,NA,NA,NA,NA
147,1992,"nonhuman experimental  ",TRUE,FALSE,FALSE,FALSE,FALSE,NA,NA,NA,NA,NA
148,2008,"human experimental  ",TRUE,FALSE,FALSE,FALSE,FALSE,NA,NA,NA,NA,NA
149,2008,"human experimental  ",TRUE,FALSE,FALSE,FALSE,FALSE,NA,NA,NA,NA,NA
150,2008,"human experimental  ",TRUE,FALSE,FALSE,FALSE,FALSE,NA,NA,NA,NA,NA
151,2010,"human experimental  ",TRUE,FALSE,FALSE,FALSE,FALSE,NA,NA,NA,NA,NA
152,2012,"human experimental  ",TRUE,FALSE,FALSE,FALSE,FALSE,NA,NA,NA,NA,NA
153,2016,"human experimental  ",TRUE,FALSE,FALSE,FALSE,FALSE,NA,NA,NA,NA,NA
154,2016,"human observational  ",TRUE,FALSE,FALSE,FALSE,FALSE,NA,NA,NA,NA,NA
155,1997,"nonhuman experimental  ",TRUE,FALSE,TRUE,FALSE,FALSE,NA,NA,NA,NA,NA
156,2013,"nonhuman observational  ",FALSE,TRUE,FALSE,FALSE,TRUE,2,2,2,2,0
157,2017,"nonhuman observational  ",TRUE,TRUE,TRUE,FALSE,TRUE,NA,NA,NA,NA,NA
158,2006,"nonhuman experimental  ",TRUE,FALSE,FALSE,FALSE,FALSE,NA,NA,NA,NA,NA
159,2008,"nonhuman experimental  ",TRUE,FALSE,FALSE,FALSE,FALSE,NA,NA,NA,NA,NA
160,1996,"nonhuman experimental  ",TRUE,FALSE,TRUE,FALSE,FALSE,NA,NA,NA,NA,NA
161,1998,"nonhuman experimental  ",TRUE,FALSE,TRUE,FALSE,FALSE,NA,NA,NA,NA,NA
162,1999,"nonhuman experimental  ",TRUE,FALSE,TRUE,FALSE,FALSE,NA,NA,NA,NA,NA
163,2001,"nonhuman experimental  ",TRUE,FALSE,TRUE,FALSE,FALSE,NA,NA,NA,NA,NA
164,2004,"nonhuman experimental  ",TRUE,FALSE,TRUE,FALSE,FALSE,NA,NA,NA,NA,NA
165,2009,"nonhuman experimental  ",TRUE,FALSE,FALSE,FALSE,FALSE,NA,NA,NA,NA,NA
166,1999,"nonhuman experimental  ",TRUE,FALSE,FALSE,FALSE,FALSE,NA,NA,NA,NA,NA
167,2000,"nonhuman experimental  ",TRUE,FALSE,FALSE,FALSE,FALSE,NA,NA,NA,NA,NA
168,1994,"nonhuman experimental  ",TRUE,FALSE,FALSE,FALSE,FALSE,NA,NA,NA,NA,NA
169,2015,"nonhuman observational  ",TRUE,FALSE,FALSE,FALSE,FALSE,NA,NA,NA,NA,NA
170,2001,"nonhuman experimental  ",TRUE,FALSE,FALSE,FALSE,FALSE,NA,NA,NA,NA,NA
171,2004,"nonhuman experimental  ",TRUE,FALSE,FALSE,FALSE,FALSE,NA,NA,NA,NA,NA
172,2011,"nonhuman experimental  ",TRUE,FALSE,TRUE,FALSE,FALSE,NA,NA,NA,NA,NA
173,1980,"nonhuman experimental  ",TRUE,FALSE,TRUE,FALSE,FALSE,NA,NA,NA,NA,NA
174,1986,"nonhuman experimental  ",TRUE,FALSE,TRUE,FALSE,FALSE,NA,NA,NA,NA,NA
175,1995,"nonhuman experimental  ",TRUE,FALSE,TRUE,FALSE,FALSE,NA,NA,NA,NA,NA
176,1995,"nonhuman experimental  ",TRUE,FALSE,TRUE,FALSE,FALSE,NA,NA,NA,NA,NA
177,1998,"nonhuman experimental  ",TRUE,FALSE,TRUE,FALSE,FALSE,NA,NA,NA,NA,NA
178,2001,"nonhuman experimental  ",TRUE,FALSE,TRUE,FALSE,FALSE,NA,NA,NA,NA,NA
179,2002,"nonhuman experimental  ",TRUE,FALSE,TRUE,FALSE,FALSE,NA,NA,NA,NA,NA
180,2003,"nonhuman experimental  ",TRUE,FALSE,TRUE,FALSE,FALSE,NA,NA,NA,NA,NA
181,2004,"nonhuman experimental  ",TRUE,FALSE,TRUE,FALSE,FALSE,NA,NA,NA,NA,NA
182,2008,"nonhuman experimental  ",TRUE,FALSE,TRUE,FALSE,FALSE,NA,NA,NA,NA,NA
183,1988,"nonhuman experimental  ",TRUE,FALSE,TRUE,FALSE,FALSE,NA,NA,NA,NA,NA
184,2015,"human observational  ",TRUE,FALSE,TRUE,FALSE,FALSE,NA,NA,NA,NA,NA
185,2017,"human observational  ",TRUE,FALSE,TRUE,FALSE,FALSE,NA,NA,NA,NA,NA
186,2011,"human experimental  ",TRUE,FALSE,TRUE,FALSE,FALSE,NA,NA,NA,NA,NA
187,2016,"human observational  ",TRUE,TRUE,TRUE,FALSE,TRUE,NA,NA,NA,NA,NA
188,2011,"nonhuman observational  ",TRUE,FALSE,FALSE,FALSE,FALSE,NA,NA,NA,NA,NA
189,2017,"nonhuman observational  ",FALSE,TRUE,FALSE,FALSE,TRUE,2,0,0,0,1
190,2002,"human experimental  ",TRUE,FALSE,TRUE,TRUE,TRUE,NA,NA,NA,NA,NA
191,1987,"nonhuman experimental  ",TRUE,FALSE,FALSE,FALSE,FALSE,NA,NA,NA,NA,NA
192,2017,"human experimental  ",TRUE,FALSE,TRUE,TRUE,TRUE,NA,NA,NA,NA,NA
193,2005,"nonhuman experimental  ",TRUE,FALSE,FALSE,FALSE,FALSE,NA,NA,NA,NA,NA
194,1996,"nonhuman experimental  ",TRUE,FALSE,FALSE,FALSE,FALSE,NA,NA,NA,NA,NA
195,2007,"nonhuman experimental  ",TRUE,FALSE,FALSE,FALSE,FALSE,NA,NA,NA,NA,NA
196,2003,"nonhuman experimental  ",TRUE,FALSE,TRUE,FALSE,FALSE,NA,NA,NA,NA,NA
197,2008,"human experimental  ",TRUE,FALSE,TRUE,FALSE,FALSE,NA,NA,NA,NA,NA
198,2009,"nonhuman experimental  ",TRUE,FALSE,TRUE,FALSE,FALSE,NA,NA,NA,NA,NA
199,2013,"nonhuman experimental  ",TRUE,FALSE,FALSE,FALSE,FALSE,NA,NA,NA,NA,NA
200,2014,"nonhuman experimental  ",TRUE,FALSE,TRUE,FALSE,FALSE,NA,NA,NA,NA,NA
201,2014,"nonhuman experimental  ",TRUE,TRUE,TRUE,FALSE,TRUE,3,2,2,2,0
202,2016,"human observational  ",TRUE,TRUE,FALSE,FALSE,TRUE,NA,NA,NA,NA,NA
203,2017,"nonhuman experimental  ",TRUE,TRUE,TRUE,FALSE,TRUE,NA,NA,NA,NA,NA
204,1970,"human experimental  ",FALSE,FALSE,FALSE,FALSE,FALSE,NA,NA,NA,NA,NA
205,1997,"nonhuman experimental  ",TRUE,FALSE,TRUE,FALSE,FALSE,NA,NA,NA,NA,NA
206,2011,"human experimental  ",TRUE,FALSE,TRUE,TRUE,TRUE,NA,NA,NA,NA,NA
207,2012,"human experimental  ",TRUE,FALSE,TRUE,TRUE,TRUE,NA,NA,NA,NA,NA
208,2014,"human experimental  ",TRUE,FALSE,TRUE,TRUE,TRUE,NA,NA,NA,NA,NA
209,1988,"nonhuman observational  ",FALSE,FALSE,FALSE,FALSE,FALSE,NA,NA,NA,NA,NA
210,2001,"human experimental  ",TRUE,FALSE,TRUE,FALSE,FALSE,NA,NA,NA,NA,NA
211,1984,"nonhuman experimental  ",TRUE,FALSE,TRUE,FALSE,FALSE,NA,NA,NA,NA,NA
212,1986,"human observational  ",TRUE,FALSE,TRUE,FALSE,FALSE,NA,NA,NA,NA,NA
213,2011,"human observational  ",TRUE,FALSE,TRUE,FALSE,FALSE,NA,NA,NA,NA,NA
214,2013,"human observational  ",TRUE,FALSE,TRUE,FALSE,FALSE,NA,NA,NA,NA,NA
215,2016,"human observational  ",TRUE,FALSE,TRUE,FALSE,FALSE,NA,NA,NA,NA,NA
216,2016,"human observational  ",TRUE,FALSE,TRUE,FALSE,FALSE,NA,NA,NA,NA,NA
217,2016,"human observational  ",TRUE,FALSE,TRUE,FALSE,FALSE,NA,NA,NA,NA,NA
218,2002,"nonhuman experimental  ",TRUE,FALSE,FALSE,FALSE,FALSE,NA,NA,NA,NA,NA
219,2000,"nonhuman experimental  ",TRUE,FALSE,FALSE,FALSE,FALSE,NA,NA,NA,NA,NA
220,2003,"nonhuman experimental  ",TRUE,FALSE,FALSE,FALSE,FALSE,NA,NA,NA,NA,NA
221,2014,"nonhuman observational  ",TRUE,TRUE,TRUE,FALSE,TRUE,NA,NA,NA,NA,NA
222,1995,"nonhuman observational  ",TRUE,FALSE,TRUE,FALSE,FALSE,NA,NA,NA,NA,NA
223,1996,"nonhuman experimental  ",TRUE,FALSE,TRUE,FALSE,FALSE,NA,NA,NA,NA,NA
224,2006,"nonhuman observational  ",TRUE,FALSE,FALSE,FALSE,FALSE,NA,NA,NA,NA,NA
225,2010,"nonhuman experimental  ",TRUE,FALSE,FALSE,FALSE,FALSE,NA,NA,NA,NA,NA
226,2010,"nonhuman experimental  ",TRUE,FALSE,FALSE,FALSE,FALSE,NA,NA,NA,NA,NA
227,2007,"nonhuman experimental  ",TRUE,FALSE,TRUE,FALSE,FALSE,NA,NA,NA,NA,NA
228,2008,"human experimental  ",TRUE,FALSE,TRUE,FALSE,FALSE,NA,NA,NA,NA,NA
229,2010,"human experimental  ",TRUE,FALSE,TRUE,FALSE,FALSE,NA,NA,NA,NA,NA
230,2011,"nonhuman experimental  ",TRUE,FALSE,TRUE,FALSE,FALSE,NA,NA,NA,NA,NA
231,2013,"nonhuman experimental  ",TRUE,FALSE,TRUE,FALSE,FALSE,NA,NA,NA,NA,NA
232,2015,"nonhuman experimental  ",TRUE,FALSE,TRUE,FALSE,FALSE,NA,NA,NA,NA,NA
233,2012,"nonhuman experimental  ",TRUE,FALSE,FALSE,FALSE,FALSE,NA,NA,NA,NA,NA
234,2005,"human experimental  ",TRUE,FALSE,TRUE,FALSE,FALSE,NA,NA,NA,NA,NA
235,2006,"human experimental  ",TRUE,FALSE,TRUE,FALSE,FALSE,NA,NA,NA,NA,NA
236,2010,"nonhuman experimental  ",TRUE,FALSE,TRUE,FALSE,FALSE,NA,NA,NA,NA,NA
237,2009,"nonhuman experimental  ",TRUE,FALSE,FALSE,FALSE,FALSE,NA,NA,NA,NA,NA
238,2005,"human experimental  ",TRUE,FALSE,TRUE,FALSE,FALSE,NA,NA,NA,NA,NA
239,2001,"nonhuman experimental  ",TRUE,FALSE,TRUE,FALSE,FALSE,NA,NA,NA,NA,NA
240,1979,"nonhuman experimental  ",TRUE,FALSE,FALSE,FALSE,FALSE,NA,NA,NA,NA,NA
241,1984,"nonhuman observational  ",TRUE,FALSE,TRUE,FALSE,FALSE,NA,NA,NA,NA,NA
242,1996,"nonhuman observational  ",TRUE,FALSE,TRUE,FALSE,FALSE,NA,NA,NA,NA,NA
243,2004,"nonhuman experimental  ",TRUE,FALSE,TRUE,FALSE,FALSE,NA,NA,NA,NA,NA
244,2009,"nonhuman observational  ",TRUE,FALSE,FALSE,FALSE,FALSE,NA,NA,NA,NA,NA
245,2012,"nonhuman observational  ",TRUE,FALSE,FALSE,FALSE,FALSE,NA,NA,NA,NA,NA
246,2014,"human experimental  ",TRUE,FALSE,FALSE,FALSE,FALSE,NA,NA,NA,NA,NA
247,2016,"human observational  ",TRUE,TRUE,TRUE,FALSE,TRUE,4,0,0,0,0
248,2016,"human observational  ",TRUE,TRUE,TRUE,FALSE,TRUE,NA,NA,NA,NA,NA
249,1961,"human experimental  ",FALSE,FALSE,FALSE,FALSE,FALSE,NA,NA,NA,NA,NA
250,2010,"nonhuman observational  ",TRUE,FALSE,TRUE,TRUE,TRUE,NA,NA,NA,NA,NA
251,2006,"nonhuman experimental  ",TRUE,FALSE,FALSE,FALSE,FALSE,NA,NA,NA,NA,NA
252,1968,"nonhuman experimental  ",FALSE,FALSE,FALSE,FALSE,FALSE,NA,NA,NA,NA,NA
253,1998,"nonhuman experimental  ",TRUE,FALSE,TRUE,FALSE,FALSE,NA,NA,NA,NA,NA
254,1993,"nonhuman observational  ",TRUE,FALSE,TRUE,FALSE,FALSE,NA,NA,NA,NA,NA
255,2007,"human experimental  ",TRUE,FALSE,TRUE,TRUE,TRUE,NA,NA,NA,NA,NA
256,2007,"human experimental  ",TRUE,FALSE,TRUE,TRUE,TRUE,NA,NA,NA,NA,NA
257,2002,"human experimental  ",TRUE,FALSE,TRUE,TRUE,TRUE,NA,NA,NA,NA,NA
258,2003,"human experimental  ",TRUE,FALSE,TRUE,TRUE,TRUE,NA,NA,NA,NA,NA
259,2016,"human observational  ",TRUE,FALSE,TRUE,FALSE,FALSE,NA,NA,NA,NA,NA
260,2017,"human experimental  ",TRUE,FALSE,TRUE,FALSE,FALSE,NA,NA,NA,NA,NA
261,2000,"human experimental  ",TRUE,FALSE,TRUE,FALSE,FALSE,NA,NA,NA,NA,NA
262,2013,"human experimental  ",TRUE,FALSE,TRUE,TRUE,TRUE,2,0,0,0,0
263,2003,"nonhuman experimental  ",TRUE,FALSE,TRUE,FALSE,FALSE,NA,NA,NA,NA,NA
264,2001,"nonhuman experimental  ",TRUE,FALSE,FALSE,FALSE,FALSE,NA,NA,NA,NA,NA
265,2003,"nonhuman experimental  ",TRUE,FALSE,TRUE,FALSE,FALSE,NA,NA,NA,NA,NA
266,2012,"human experimental  ",FALSE,TRUE,FALSE,FALSE,TRUE,NA,NA,NA,NA,NA
267,2014,"human experimental  ",TRUE,TRUE,TRUE,FALSE,TRUE,NA,NA,NA,NA,NA
268,2015,"human experimental  ",TRUE,FALSE,TRUE,TRUE,TRUE,NA,NA,NA,NA,NA
269,2004,"nonhuman experimental  ",TRUE,FALSE,TRUE,FALSE,FALSE,NA,NA,NA,NA,NA
270,2009,"nonhuman experimental  ",TRUE,FALSE,TRUE,FALSE,FALSE,NA,NA,NA,NA,NA
271,2009,"nonhuman experimental  ",TRUE,FALSE,TRUE,FALSE,FALSE,NA,NA,NA,NA,NA
272,2010,"nonhuman experimental  ",TRUE,TRUE,TRUE,FALSE,TRUE,NA,NA,NA,NA,NA
273,2015,"nonhuman experimental  ",TRUE,FALSE,TRUE,FALSE,FALSE,NA,NA,NA,NA,NA
274,2006,"nonhuman experimental  ",TRUE,FALSE,TRUE,TRUE,TRUE,NA,NA,NA,NA,NA
275,2013,"human experimental  ",TRUE,FALSE,TRUE,TRUE,TRUE,NA,NA,NA,NA,NA
276,2015,"human experimental  ",TRUE,FALSE,TRUE,TRUE,TRUE,NA,NA,NA,NA,NA
277,2009,"nonhuman observational  ",TRUE,FALSE,FALSE,FALSE,FALSE,NA,NA,NA,NA,NA
278,2003,"nonhuman experimental  ",TRUE,FALSE,FALSE,FALSE,FALSE,NA,NA,NA,NA,NA
279,2013,"human observational  ",TRUE,FALSE,TRUE,FALSE,FALSE,NA,NA,NA,NA,NA
280,2015,"nonhuman observational  ",TRUE,FALSE,TRUE,FALSE,FALSE,NA,NA,NA,NA,NA
281,2015,"nonhuman observational  ",TRUE,TRUE,TRUE,FALSE,TRUE,6,6,6,6,0
282,2014,"nonhuman observational  ",TRUE,TRUE,FALSE,FALSE,TRUE,NA,NA,NA,NA,NA
283,2016,"human observational  ",TRUE,FALSE,TRUE,TRUE,TRUE,NA,NA,NA,NA,NA
284,2016,"human observational  ",TRUE,FALSE,FALSE,FALSE,FALSE,NA,NA,NA,NA,NA
285,1973,"nonhuman experimental  ",TRUE,FALSE,TRUE,FALSE,FALSE,NA,NA,NA,NA,NA
286,2005,"nonhuman observational  ",TRUE,FALSE,FALSE,FALSE,FALSE,NA,NA,NA,NA,NA
287,2016,"nonhuman experimental  ",TRUE,TRUE,FALSE,FALSE,TRUE,NA,NA,NA,NA,NA
288,2018,"nonhuman experimental  ",TRUE,TRUE,FALSE,FALSE,TRUE,NA,NA,NA,NA,NA
289,1998,"nonhuman experimental  ",TRUE,FALSE,TRUE,FALSE,FALSE,NA,NA,NA,NA,NA
290,2009,"nonhuman experimental  ",TRUE,FALSE,FALSE,FALSE,FALSE,NA,NA,NA,NA,NA
291,1990,"nonhuman experimental  ",TRUE,FALSE,FALSE,FALSE,FALSE,NA,NA,NA,NA,NA
292,1991,"nonhuman experimental  ",TRUE,FALSE,TRUE,FALSE,FALSE,NA,NA,NA,NA,NA
293,1992,"nonhuman experimental  ",TRUE,FALSE,FALSE,FALSE,FALSE,NA,NA,NA,NA,NA
294,1993,"nonhuman experimental  ",TRUE,FALSE,FALSE,FALSE,FALSE,NA,NA,NA,NA,NA
295,1997,"nonhuman experimental  ",TRUE,FALSE,TRUE,FALSE,FALSE,NA,NA,NA,NA,NA
296,1998,"nonhuman experimental  ",TRUE,FALSE,TRUE,FALSE,FALSE,NA,NA,NA,NA,NA
297,1999,"nonhuman experimental  ",TRUE,FALSE,TRUE,FALSE,FALSE,NA,NA,NA,NA,NA
298,2015,"nonhuman observational  ",TRUE,TRUE,TRUE,FALSE,TRUE,NA,NA,NA,NA,NA
299,1996,"nonhuman experimental  ",TRUE,FALSE,FALSE,FALSE,FALSE,NA,NA,NA,NA,NA
300,2007,"nonhuman experimental  ",TRUE,FALSE,TRUE,TRUE,TRUE,NA,NA,NA,NA,NA
301,2009,"nonhuman experimental  ",TRUE,FALSE,TRUE,TRUE,TRUE,NA,NA,NA,NA,NA
302,1999,"nonhuman observational  ",TRUE,FALSE,TRUE,FALSE,FALSE,NA,NA,NA,NA,NA
303,2018,"human experimental  ",TRUE,TRUE,TRUE,FALSE,TRUE,NA,NA,NA,NA,NA
304,1986,"nonhuman experimental  ",TRUE,FALSE,TRUE,FALSE,FALSE,NA,NA,NA,NA,NA
305,1994,"nonhuman experimental  ",TRUE,FALSE,TRUE,FALSE,FALSE,NA,NA,NA,NA,NA
306,1995,"nonhuman experimental  ",TRUE,FALSE,TRUE,FALSE,FALSE,NA,NA,NA,NA,NA
307,2003,"nonhuman experimental  ",TRUE,FALSE,TRUE,FALSE,FALSE,NA,NA,NA,NA,NA
308,1996,"human experimental  ",TRUE,FALSE,TRUE,FALSE,FALSE,NA,NA,NA,NA,NA
309,2009,"nonhuman experimental  ",TRUE,FALSE,FALSE,FALSE,FALSE,NA,NA,NA,NA,NA
310,2010,"nonhuman experimental  ",TRUE,FALSE,FALSE,FALSE,FALSE,NA,NA,NA,NA,NA
311,2012,"nonhuman experimental  ",TRUE,FALSE,FALSE,FALSE,FALSE,NA,NA,NA,NA,NA
312,2008,"human experimental  ",TRUE,FALSE,FALSE,FALSE,FALSE,NA,NA,NA,NA,NA
313,2016,"nonhuman experimental  ",TRUE,TRUE,TRUE,FALSE,TRUE,NA,NA,NA,NA,NA
314,2004,"nonhuman observational  ",TRUE,FALSE,FALSE,FALSE,FALSE,NA,NA,NA,NA,NA
315,2006,"nonhuman experimental  ",TRUE,FALSE,FALSE,FALSE,FALSE,NA,NA,NA,NA,NA
316,1971,"nonhuman experimental  ",FALSE,FALSE,FALSE,FALSE,FALSE,NA,NA,NA,NA,NA
317,2017,"nonhuman experimental  ",TRUE,TRUE,FALSE,FALSE,TRUE,2,2,2,2,0
318,2014,"nonhuman observational  ",TRUE,FALSE,TRUE,FALSE,FALSE,NA,NA,NA,NA,NA
319,2007,"nonhuman experimental  ",TRUE,FALSE,TRUE,FALSE,FALSE,NA,NA,NA,NA,NA
320,2007,"human experimental  ",TRUE,FALSE,FALSE,FALSE,FALSE,NA,NA,NA,NA,NA
321,2011,"human experimental  ",TRUE,FALSE,FALSE,FALSE,FALSE,NA,NA,NA,NA,NA
322,2012,"nonhuman experimental  ",TRUE,FALSE,TRUE,FALSE,FALSE,NA,NA,NA,NA,NA
323,2004,"nonhuman observational  ",TRUE,FALSE,TRUE,TRUE,TRUE,NA,NA,NA,NA,NA
324,1995,"nonhuman observational  ",TRUE,FALSE,FALSE,FALSE,FALSE,NA,NA,NA,NA,NA
325,2002,"nonhuman experimental  ",TRUE,FALSE,FALSE,FALSE,FALSE,NA,NA,NA,NA,NA
326,1988,"nonhuman experimental  ",TRUE,FALSE,TRUE,FALSE,FALSE,NA,NA,NA,NA,NA
327,1988,"nonhuman experimental  ",FALSE,FALSE,FALSE,FALSE,FALSE,NA,NA,NA,NA,NA
328,2003,"nonhuman observational  ",TRUE,FALSE,TRUE,FALSE,FALSE,NA,NA,NA,NA,NA
329,2012,"nonhuman observational  ",TRUE,FALSE,TRUE,FALSE,FALSE,NA,NA,NA,NA,NA
330,2000,"nonhuman experimental  ",TRUE,FALSE,FALSE,FALSE,FALSE,NA,NA,NA,NA,NA
331,1964,"nonhuman experimental  ",FALSE,FALSE,FALSE,FALSE,FALSE,NA,NA,NA,NA,NA
332,2008,"nonhuman experimental  ",TRUE,FALSE,TRUE,TRUE,TRUE,3,1,1,1,0
333,2008,"nonhuman experimental  ",TRUE,FALSE,TRUE,TRUE,TRUE,NA,NA,NA,NA,NA
334,2014,"human experimental  ",TRUE,FALSE,TRUE,FALSE,FALSE,NA,NA,NA,NA,NA
335,1981,"nonhuman experimental  ",FALSE,FALSE,FALSE,FALSE,FALSE,NA,NA,NA,NA,NA
336,1988,"nonhuman experimental  ",FALSE,FALSE,FALSE,FALSE,FALSE,NA,NA,NA,NA,NA
337,1997,"nonhuman experimental  ",TRUE,FALSE,FALSE,FALSE,FALSE,NA,NA,NA,NA,NA
338,2015,"human observational  ",FALSE,TRUE,FALSE,FALSE,TRUE,NA,NA,NA,NA,NA
339,1996,"nonhuman experimental  ",TRUE,FALSE,TRUE,FALSE,FALSE,NA,NA,NA,NA,NA
340,1996,"nonhuman observational  ",TRUE,FALSE,TRUE,FALSE,FALSE,NA,NA,NA,NA,NA
341,2008,"nonhuman experimental  ",TRUE,FALSE,TRUE,FALSE,FALSE,NA,NA,NA,NA,NA
342,2009,"nonhuman observational  ",TRUE,FALSE,TRUE,TRUE,TRUE,NA,NA,NA,NA,NA
343,2012,"human experimental  ",TRUE,FALSE,TRUE,FALSE,FALSE,NA,NA,NA,NA,NA
344,2008,"nonhuman observational  ",TRUE,FALSE,TRUE,FALSE,FALSE,NA,NA,NA,NA,NA
345,2001,"nonhuman experimental  ",TRUE,FALSE,FALSE,FALSE,FALSE,NA,NA,NA,NA,NA
346,2004,"human observational  ",TRUE,FALSE,FALSE,FALSE,FALSE,NA,NA,NA,NA,NA
347,2005,"human experimental  ",TRUE,FALSE,FALSE,FALSE,FALSE,NA,NA,NA,NA,NA
348,2008,"human experimental  ",TRUE,FALSE,FALSE,FALSE,FALSE,NA,NA,NA,NA,NA
349,2007,"human experimental  ",TRUE,FALSE,FALSE,FALSE,FALSE,NA,NA,NA,NA,NA
350,2010,"human experimental  ",TRUE,FALSE,FALSE,FALSE,FALSE,NA,NA,NA,NA,NA
351,2013,"human experimental  ",TRUE,FALSE,FALSE,FALSE,FALSE,NA,NA,NA,NA,NA
352,2017,"human experimental  ",TRUE,TRUE,FALSE,FALSE,TRUE,NA,NA,NA,NA,NA
353,2017,"human experimental  ",TRUE,FALSE,FALSE,FALSE,FALSE,NA,NA,NA,NA,NA
354,1992,"nonhuman experimental  ",FALSE,FALSE,FALSE,FALSE,FALSE,NA,NA,NA,NA,NA
355,1994,"nonhuman experimental  ",FALSE,FALSE,FALSE,FALSE,FALSE,NA,NA,NA,NA,NA
356,1988,"human experimental  ",TRUE,FALSE,FALSE,FALSE,FALSE,NA,NA,NA,NA,NA
357,1995,"human experimental  ",TRUE,FALSE,FALSE,FALSE,FALSE,NA,NA,NA,NA,NA
358,1972,"nonhuman experimental  ",FALSE,FALSE,FALSE,FALSE,FALSE,NA,NA,NA,NA,NA
359,2004,"human experimental  ",TRUE,FALSE,TRUE,TRUE,TRUE,NA,NA,NA,NA,NA
360,2006,"human experimental  ",TRUE,FALSE,TRUE,TRUE,TRUE,NA,NA,NA,NA,NA
361,2008,"human experimental  ",TRUE,FALSE,TRUE,TRUE,TRUE,4,4,4,3,0
362,2008,"human experimental  ",TRUE,FALSE,TRUE,TRUE,TRUE,3,3,3,3,0
363,2011,"human experimental  ",TRUE,FALSE,TRUE,TRUE,TRUE,NA,NA,NA,NA,NA
364,2015,"human experimental  ",TRUE,TRUE,TRUE,FALSE,TRUE,NA,NA,NA,NA,NA
365,2000,"nonhuman experimental  ",TRUE,FALSE,TRUE,TRUE,TRUE,3,0,0,0,0
366,2016,"nonhuman experimental  ",FALSE,TRUE,FALSE,FALSE,TRUE,NA,NA,NA,NA,NA
367,1984,"nonhuman experimental  ",TRUE,FALSE,FALSE,FALSE,FALSE,NA,NA,NA,NA,NA
368,2015,"human observational  ",TRUE,TRUE,TRUE,FALSE,TRUE,NA,NA,NA,NA,NA
369,2014,"human experimental  ",TRUE,FALSE,TRUE,TRUE,TRUE,NA,NA,NA,NA,NA
370,2011,"nonhuman experimental  ",TRUE,FALSE,FALSE,FALSE,FALSE,NA,NA,NA,NA,NA
371,2003,"human observational  ",TRUE,FALSE,FALSE,FALSE,FALSE,NA,NA,NA,NA,NA
372,2012,"human experimental  ",TRUE,FALSE,TRUE,TRUE,TRUE,NA,NA,NA,NA,NA
373,2015,"human experimental  ",TRUE,FALSE,TRUE,TRUE,TRUE,3,3,0,0,1
374,2015,"human experimental  ",TRUE,FALSE,TRUE,TRUE,TRUE,NA,NA,NA,NA,NA
375,2015,"human experimental  ",TRUE,FALSE,FALSE,FALSE,FALSE,NA,NA,NA,NA,NA
376,2013,"nonhuman observational  ",TRUE,TRUE,FALSE,FALSE,TRUE,NA,NA,NA,NA,NA
377,2010,"nonhuman experimental  ",TRUE,FALSE,TRUE,TRUE,TRUE,2,2,2,2,1
378,2001,"nonhuman experimental  ",TRUE,FALSE,FALSE,FALSE,FALSE,NA,NA,NA,NA,NA
379,2014,"human experimental  ",TRUE,TRUE,TRUE,FALSE,TRUE,NA,NA,NA,NA,NA
380,2000,"nonhuman experimental  ",TRUE,FALSE,FALSE,FALSE,FALSE,NA,NA,NA,NA,NA
381,1993,"human experimental  ",TRUE,FALSE,TRUE,FALSE,FALSE,NA,NA,NA,NA,NA
382,2007,"nonhuman observational  ",TRUE,FALSE,TRUE,FALSE,FALSE,NA,NA,NA,NA,NA
383,2017,"nonhuman experimental  ",TRUE,TRUE,TRUE,FALSE,TRUE,NA,NA,NA,NA,NA
384,2015,"nonhuman experimental  ",TRUE,TRUE,TRUE,FALSE,TRUE,NA,NA,NA,NA,NA
385,1992,"nonhuman experimental  ",TRUE,FALSE,TRUE,FALSE,FALSE,NA,NA,NA,NA,NA
386,1994,"nonhuman experimental  ",TRUE,FALSE,TRUE,FALSE,FALSE,NA,NA,NA,NA,NA
387,1994,"nonhuman experimental  ",TRUE,FALSE,TRUE,FALSE,FALSE,NA,NA,NA,NA,NA
388,1999,"nonhuman experimental  ",TRUE,FALSE,TRUE,FALSE,FALSE,NA,NA,NA,NA,NA
389,2006,"human experimental  ",TRUE,FALSE,TRUE,TRUE,TRUE,NA,NA,NA,NA,NA
390,2008,"human experimental  ",TRUE,FALSE,TRUE,TRUE,TRUE,NA,NA,NA,NA,NA
391,2010,"human experimental  ",TRUE,FALSE,TRUE,TRUE,TRUE,2,2,2,2,0
392,2011,"human experimental  ",TRUE,FALSE,TRUE,TRUE,TRUE,NA,NA,NA,NA,NA
393,2013,"human experimental  ",TRUE,FALSE,TRUE,TRUE,TRUE,3,3,3,3,0
394,2014,"human experimental  ",TRUE,FALSE,TRUE,TRUE,TRUE,NA,NA,NA,NA,NA
395,2014,"human experimental  ",TRUE,FALSE,TRUE,TRUE,TRUE,2,2,2,2,0
396,2016,"human experimental  ",TRUE,FALSE,TRUE,TRUE,TRUE,NA,NA,NA,NA,NA
397,2005,"nonhuman observational  ",TRUE,FALSE,FALSE,FALSE,FALSE,NA,NA,NA,NA,NA
398,2012,"nonhuman observational  ",TRUE,FALSE,FALSE,FALSE,FALSE,NA,NA,NA,NA,NA
399,1998,"human experimental  ",TRUE,FALSE,TRUE,TRUE,TRUE,NA,NA,NA,NA,NA
400,1997,"human observational  ",TRUE,FALSE,FALSE,FALSE,FALSE,NA,NA,NA,NA,NA
401,2014,"human experimental  ",TRUE,FALSE,TRUE,FALSE,FALSE,NA,NA,NA,NA,NA
402,1998,"nonhuman experimental  ",TRUE,FALSE,FALSE,FALSE,FALSE,NA,NA,NA,NA,NA
403,2004,"human experimental  ",TRUE,FALSE,TRUE,FALSE,FALSE,NA,NA,NA,NA,NA
404,2007,"human experimental  ",TRUE,FALSE,TRUE,FALSE,FALSE,NA,NA,NA,NA,NA
405,2004,"nonhuman experimental  ",TRUE,FALSE,FALSE,FALSE,FALSE,NA,NA,NA,NA,NA
406,2005,"nonhuman observational  ",TRUE,FALSE,TRUE,FALSE,FALSE,NA,NA,NA,NA,NA
407,2011,"nonhuman observational  ",TRUE,FALSE,FALSE,FALSE,FALSE,NA,NA,NA,NA,NA
408,1985,"nonhuman experimental  ",TRUE,FALSE,FALSE,FALSE,FALSE,NA,NA,NA,NA,NA
409,2002,"nonhuman observational  ",TRUE,FALSE,FALSE,FALSE,FALSE,NA,NA,NA,NA,NA
410,1992,"nonhuman experimental  ",TRUE,FALSE,TRUE,FALSE,FALSE,NA,NA,NA,NA,NA
411,2016,"human observational  ",TRUE,TRUE,FALSE,FALSE,TRUE,1,1,1,1,0
412,2003,"nonhuman observational  ",TRUE,FALSE,TRUE,FALSE,FALSE,NA,NA,NA,NA,NA
413,2003,"nonhuman observational  ",TRUE,FALSE,TRUE,FALSE,FALSE,NA,NA,NA,NA,NA
414,2009,"nonhuman observational  ",TRUE,FALSE,TRUE,TRUE,TRUE,NA,NA,NA,NA,NA
415,2017,"nonhuman observational  ",FALSE,TRUE,FALSE,FALSE,TRUE,NA,NA,NA,NA,NA
416,2009,"nonhuman experimental  ",TRUE,FALSE,TRUE,FALSE,FALSE,NA,NA,NA,NA,NA
417,2010,"nonhuman experimental  ",TRUE,FALSE,TRUE,FALSE,FALSE,NA,NA,NA,NA,NA
418,2010,"nonhuman experimental  ",TRUE,FALSE,TRUE,FALSE,FALSE,NA,NA,NA,NA,NA
419,1986,"nonhuman experimental  ",TRUE,FALSE,TRUE,FALSE,FALSE,NA,NA,NA,NA,NA
420,2001,"nonhuman experimental  ",TRUE,FALSE,TRUE,FALSE,FALSE,NA,NA,NA,NA,NA
421,2003,"nonhuman experimental  ",TRUE,FALSE,TRUE,TRUE,TRUE,NA,NA,NA,NA,NA
422,2004,"nonhuman experimental  ",TRUE,FALSE,TRUE,TRUE,TRUE,NA,NA,NA,NA,NA
423,1996,"nonhuman experimental  ",TRUE,FALSE,TRUE,FALSE,FALSE,NA,NA,NA,NA,NA
424,2007,"nonhuman experimental  ",TRUE,FALSE,TRUE,FALSE,FALSE,NA,NA,NA,NA,NA
425,2009,"nonhuman experimental  ",TRUE,FALSE,TRUE,FALSE,FALSE,NA,NA,NA,NA,NA
426,2013,"human observational  ",TRUE,FALSE,FALSE,FALSE,FALSE,NA,NA,NA,NA,NA
427,2000,"nonhuman experimental  ",TRUE,FALSE,TRUE,FALSE,FALSE,NA,NA,NA,NA,NA
428,2016,"human observational  ",TRUE,FALSE,TRUE,TRUE,TRUE,NA,NA,NA,NA,NA
429,2008,"nonhuman observational  ",TRUE,FALSE,TRUE,FALSE,FALSE,NA,NA,NA,NA,NA
430,2002,"nonhuman observational  ",TRUE,FALSE,TRUE,FALSE,FALSE,NA,NA,NA,NA,NA
431,2000,"nonhuman experimental  ",TRUE,FALSE,TRUE,FALSE,FALSE,NA,NA,NA,NA,NA
432,2002,"nonhuman experimental  ",TRUE,FALSE,TRUE,TRUE,TRUE,NA,NA,NA,NA,NA
433,2003,"nonhuman experimental  ",TRUE,FALSE,TRUE,FALSE,FALSE,NA,NA,NA,NA,NA
434,2009,"human experimental  ",TRUE,FALSE,TRUE,FALSE,FALSE,NA,NA,NA,NA,NA
435,2000,"nonhuman experimental  ",TRUE,FALSE,TRUE,FALSE,FALSE,NA,NA,NA,NA,NA
436,2017,"human experimental  ",TRUE,TRUE,TRUE,FALSE,TRUE,NA,NA,NA,NA,NA
437,2010,"human experimental  ",TRUE,FALSE,FALSE,FALSE,FALSE,NA,NA,NA,NA,NA
438,2013,"nonhuman experimental  ",TRUE,FALSE,TRUE,TRUE,TRUE,NA,NA,NA,NA,NA
439,2013,"human observational  ",TRUE,FALSE,TRUE,TRUE,TRUE,NA,NA,NA,NA,NA
440,2016,"human observational  ",TRUE,FALSE,TRUE,TRUE,TRUE,NA,NA,NA,NA,NA
441,2016,"human observational  ",TRUE,FALSE,TRUE,TRUE,TRUE,3,1,1,0,0
442,2016,"human observational  ",TRUE,TRUE,TRUE,FALSE,TRUE,NA,NA,NA,NA,NA
443,1955,"human experimental  ",FALSE,FALSE,FALSE,FALSE,FALSE,NA,NA,NA,NA,NA
444,1967,"human experimental  ",FALSE,FALSE,FALSE,FALSE,FALSE,NA,NA,NA,NA,NA
445,1962,"human experimental  ",FALSE,FALSE,FALSE,FALSE,FALSE,NA,NA,NA,NA,NA
446,2016,"human observational  ",TRUE,TRUE,TRUE,FALSE,TRUE,NA,NA,NA,NA,NA
447,1991,"nonhuman experimental  ",TRUE,FALSE,TRUE,FALSE,FALSE,NA,NA,NA,NA,NA
448,1992,"nonhuman experimental  ",TRUE,FALSE,TRUE,FALSE,FALSE,NA,NA,NA,NA,NA
449,2016,"human observational  ",TRUE,FALSE,TRUE,FALSE,FALSE,NA,NA,NA,NA,NA
450,2007,"nonhuman observational  ",TRUE,TRUE,FALSE,FALSE,TRUE,5,5,5,5,0
451,2013,"nonhuman observational  ",TRUE,FALSE,FALSE,FALSE,FALSE,NA,NA,NA,NA,NA
452,2009,"nonhuman observational  ",TRUE,FALSE,FALSE,FALSE,FALSE,NA,NA,NA,NA,NA
453,2009,"nonhuman experimental  ",TRUE,FALSE,TRUE,TRUE,TRUE,2,2,2,2,0
454,1979,"nonhuman experimental  ",FALSE,FALSE,FALSE,FALSE,FALSE,NA,NA,NA,NA,NA
455,2007,"nonhuman experimental  ",TRUE,FALSE,TRUE,FALSE,FALSE,NA,NA,NA,NA,NA
456,1997,"nonhuman experimental  ",TRUE,FALSE,TRUE,FALSE,FALSE,NA,NA,NA,NA,NA
457,2012,"nonhuman experimental  ",TRUE,FALSE,TRUE,TRUE,TRUE,NA,NA,NA,NA,NA
458,2014,"nonhuman experimental  ",TRUE,FALSE,TRUE,TRUE,TRUE,NA,NA,NA,NA,NA
459,2008,"nonhuman observational  ",TRUE,FALSE,FALSE,FALSE,FALSE,NA,NA,NA,NA,NA
460,2003,"human experimental  ",TRUE,FALSE,TRUE,TRUE,TRUE,1,0,0,0,0
461,2006,"nonhuman experimental  ",TRUE,FALSE,FALSE,FALSE,FALSE,NA,NA,NA,NA,NA
462,2007,"nonhuman experimental  ",TRUE,FALSE,FALSE,FALSE,FALSE,NA,NA,NA,NA,NA
463,1984,"nonhuman experimental  ",TRUE,FALSE,FALSE,FALSE,FALSE,NA,NA,NA,NA,NA
464,1990,"nonhuman experimental  ",TRUE,FALSE,FALSE,FALSE,FALSE,NA,NA,NA,NA,NA
465,2002,"nonhuman experimental  ",TRUE,FALSE,FALSE,FALSE,FALSE,NA,NA,NA,NA,NA
466,2007,"nonhuman experimental  ",TRUE,FALSE,FALSE,FALSE,FALSE,NA,NA,NA,NA,NA
467,2007,"nonhuman experimental  ",TRUE,FALSE,FALSE,FALSE,FALSE,NA,NA,NA,NA,NA
468,2011,"nonhuman experimental  ",TRUE,FALSE,FALSE,FALSE,FALSE,NA,NA,NA,NA,NA
469,1999,"nonhuman experimental  ",TRUE,FALSE,TRUE,FALSE,FALSE,NA,NA,NA,NA,NA
470,2002,"nonhuman observational  ",TRUE,FALSE,TRUE,FALSE,FALSE,NA,NA,NA,NA,NA
471,1997,"nonhuman experimental  ",TRUE,FALSE,FALSE,FALSE,FALSE,NA,NA,NA,NA,NA
472,2008,"nonhuman experimental  ",TRUE,FALSE,TRUE,FALSE,FALSE,NA,NA,NA,NA,NA
473,2007,"human experimental  ",TRUE,FALSE,TRUE,FALSE,FALSE,NA,NA,NA,NA,NA
474,2001,"nonhuman experimental  ",TRUE,FALSE,FALSE,FALSE,FALSE,NA,NA,NA,NA,NA
475,2018,"human experimental  ",FALSE,TRUE,FALSE,FALSE,TRUE,1,1,1,1,1
476,2015,"human experimental  ",TRUE,FALSE,TRUE,TRUE,TRUE,NA,NA,NA,NA,NA
477,1990,"nonhuman experimental  ",FALSE,FALSE,FALSE,FALSE,FALSE,NA,NA,NA,NA,NA
478,1985,"nonhuman experimental  ",FALSE,FALSE,FALSE,FALSE,FALSE,NA,NA,NA,NA,NA
479,2005,"nonhuman experimental  ",TRUE,FALSE,TRUE,TRUE,TRUE,NA,NA,NA,NA,NA
480,2016,"human experimental  ",TRUE,TRUE,TRUE,FALSE,TRUE,NA,NA,NA,NA,NA
481,2001,"nonhuman experimental  ",TRUE,FALSE,TRUE,FALSE,FALSE,NA,NA,NA,NA,NA
482,2014,"human experimental  ",TRUE,TRUE,TRUE,FALSE,TRUE,NA,NA,NA,NA,NA
483,2015,"human experimental  ",TRUE,FALSE,TRUE,TRUE,TRUE,NA,NA,NA,NA,NA
484,2011,"human experimental  ",TRUE,FALSE,TRUE,TRUE,TRUE,NA,NA,NA,NA,NA
485,2018,"nonhuman observational  ",TRUE,FALSE,FALSE,FALSE,FALSE,NA,NA,NA,NA,NA
486,1998,"nonhuman observational  ",TRUE,FALSE,FALSE,FALSE,FALSE,NA,NA,NA,NA,NA
487,2001,"nonhuman experimental  ",TRUE,FALSE,TRUE,FALSE,FALSE,NA,NA,NA,NA,NA
488,2009,"human observational  ",TRUE,FALSE,TRUE,TRUE,TRUE,NA,NA,NA,NA,NA
489,1995,"nonhuman experimental  ",TRUE,FALSE,TRUE,FALSE,FALSE,NA,NA,NA,NA,NA
490,1996,"nonhuman experimental  ",TRUE,FALSE,TRUE,FALSE,FALSE,NA,NA,NA,NA,NA
491,1999,"nonhuman experimental  ",TRUE,FALSE,TRUE,FALSE,FALSE,NA,NA,NA,NA,NA
492,2014,"human experimental  ",TRUE,FALSE,TRUE,TRUE,TRUE,NA,NA,NA,NA,NA
493,1996,"nonhuman experimental  ",TRUE,FALSE,TRUE,FALSE,FALSE,NA,NA,NA,NA,NA
494,2004,"nonhuman experimental  ",TRUE,FALSE,TRUE,FALSE,FALSE,NA,NA,NA,NA,NA
495,2006,"nonhuman observational  ",TRUE,FALSE,FALSE,FALSE,FALSE,NA,NA,NA,NA,NA
496,2008,"nonhuman observational  ",TRUE,FALSE,FALSE,FALSE,FALSE,NA,NA,NA,NA,NA
497,2008,"nonhuman experimental  ",TRUE,FALSE,FALSE,FALSE,FALSE,NA,NA,NA,NA,NA
498,2009,"nonhuman experimental  ",TRUE,FALSE,FALSE,FALSE,FALSE,NA,NA,NA,NA,NA
499,2009,"nonhuman experimental  ",TRUE,FALSE,FALSE,FALSE,FALSE,NA,NA,NA,NA,NA
500,2010,"nonhuman observational  ",TRUE,FALSE,FALSE,FALSE,FALSE,NA,NA,NA,NA,NA
501,2016,"nonhuman experimental  ",TRUE,FALSE,TRUE,TRUE,TRUE,2,2,2,2,1
502,2018,"nonhuman experimental  ",TRUE,FALSE,TRUE,TRUE,TRUE,NA,NA,NA,NA,NA
503,2010,"human experimental  ",TRUE,FALSE,TRUE,TRUE,TRUE,NA,NA,NA,NA,NA
504,2011,"human experimental  ",TRUE,FALSE,TRUE,TRUE,TRUE,3,0,0,0,1
505,2014,"human experimental  ",TRUE,FALSE,TRUE,TRUE,TRUE,NA,NA,NA,NA,NA
506,1987,"nonhuman experimental  ",TRUE,FALSE,TRUE,FALSE,FALSE,NA,NA,NA,NA,NA
507,1993,"human experimental  ",TRUE,FALSE,TRUE,FALSE,FALSE,NA,NA,NA,NA,NA
508,1997,"nonhuman experimental  ",FALSE,FALSE,FALSE,FALSE,FALSE,NA,NA,NA,NA,NA
509,2017,"nonhuman observational  ",TRUE,FALSE,TRUE,FALSE,FALSE,NA,NA,NA,NA,NA
510,2017,"human experimental  ",TRUE,TRUE,TRUE,FALSE,TRUE,4,0,0,0,0
511,1996,"nonhuman experimental  ",TRUE,FALSE,FALSE,FALSE,FALSE,NA,NA,NA,NA,NA
512,2003,"nonhuman observational  ",TRUE,FALSE,TRUE,FALSE,FALSE,NA,NA,NA,NA,NA
513,2004,"nonhuman experimental  ",TRUE,FALSE,TRUE,FALSE,FALSE,NA,NA,NA,NA,NA
514,2006,"nonhuman observational  ",TRUE,FALSE,FALSE,FALSE,FALSE,NA,NA,NA,NA,NA
515,2010,"nonhuman experimental  ",TRUE,FALSE,TRUE,FALSE,FALSE,NA,NA,NA,NA,NA
516,2012,"nonhuman observational  ",TRUE,TRUE,TRUE,FALSE,TRUE,NA,NA,NA,NA,NA
517,2012,"nonhuman experimental  ",TRUE,FALSE,TRUE,FALSE,FALSE,NA,NA,NA,NA,NA
518,2013,"nonhuman experimental  ",TRUE,FALSE,TRUE,TRUE,TRUE,NA,NA,NA,NA,NA
519,2013,"nonhuman experimental  ",TRUE,TRUE,TRUE,FALSE,TRUE,NA,NA,NA,NA,NA
520,2013,"nonhuman experimental  ",TRUE,FALSE,TRUE,FALSE,FALSE,NA,NA,NA,NA,NA
521,2014,"nonhuman observational  ",TRUE,FALSE,TRUE,TRUE,TRUE,NA,NA,NA,NA,NA
522,2014,"human experimental  ",TRUE,TRUE,TRUE,FALSE,TRUE,NA,NA,NA,NA,NA
523,2015,"human experimental  ",TRUE,FALSE,TRUE,TRUE,TRUE,NA,NA,NA,NA,NA
524,2015,"nonhuman experimental  ",TRUE,FALSE,TRUE,TRUE,TRUE,NA,NA,NA,NA,NA
525,2017,"nonhuman experimental  ",TRUE,FALSE,TRUE,FALSE,FALSE,NA,NA,NA,NA,NA
526,2005,"nonhuman experimental  ",TRUE,FALSE,TRUE,FALSE,FALSE,NA,NA,NA,NA,NA
527,1990,"nonhuman experimental  ",TRUE,FALSE,TRUE,FALSE,FALSE,NA,NA,NA,NA,NA
528,2000,"nonhuman experimental  ",TRUE,FALSE,TRUE,TRUE,TRUE,NA,NA,NA,NA,NA
529,2007,"nonhuman experimental  ",TRUE,FALSE,TRUE,TRUE,TRUE,1,1,0,0,1
530,1993,"nonhuman experimental  ",TRUE,FALSE,TRUE,FALSE,FALSE,NA,NA,NA,NA,NA
531,2001,"human experimental  ",TRUE,FALSE,TRUE,FALSE,FALSE,NA,NA,NA,NA,NA
532,2012,"nonhuman experimental  ",TRUE,FALSE,TRUE,FALSE,FALSE,NA,NA,NA,NA,NA
533,2014,"human experimental  ",TRUE,FALSE,TRUE,FALSE,FALSE,NA,NA,NA,NA,NA
534,2017,"nonhuman experimental  ",TRUE,FALSE,TRUE,FALSE,FALSE,NA,NA,NA,NA,NA
535,2018,"nonhuman experimental  ",TRUE,TRUE,TRUE,FALSE,TRUE,4,4,4,4,0
536,2007,"human experimental  ",TRUE,FALSE,TRUE,TRUE,TRUE,NA,NA,NA,NA,NA
537,2006,"nonhuman experimental  ",TRUE,FALSE,TRUE,TRUE,TRUE,NA,NA,NA,NA,NA
538,2008,"nonhuman experimental  ",TRUE,FALSE,TRUE,TRUE,TRUE,NA,NA,NA,NA,NA
539,1988,"nonhuman experimental  ",TRUE,FALSE,TRUE,FALSE,FALSE,NA,NA,NA,NA,NA
540,1980,"nonhuman experimental  ",TRUE,FALSE,FALSE,FALSE,FALSE,NA,NA,NA,NA,NA
541,2017,"human experimental  ",TRUE,FALSE,TRUE,FALSE,FALSE,NA,NA,NA,NA,NA
542,1999,"nonhuman experimental  ",TRUE,FALSE,TRUE,FALSE,FALSE,NA,NA,NA,NA,NA
543,1999,"nonhuman experimental  ",TRUE,FALSE,TRUE,FALSE,FALSE,NA,NA,NA,NA,NA
544,1996,"human experimental  ",TRUE,FALSE,TRUE,FALSE,FALSE,NA,NA,NA,NA,NA
545,2005,"nonhuman experimental  ",TRUE,FALSE,TRUE,FALSE,FALSE,NA,NA,NA,NA,NA
546,2007,"nonhuman experimental  ",TRUE,FALSE,TRUE,FALSE,FALSE,NA,NA,NA,NA,NA
547,2010,"human experimental  ",TRUE,FALSE,TRUE,FALSE,FALSE,NA,NA,NA,NA,NA
548,2010,"nonhuman experimental  ",TRUE,FALSE,TRUE,TRUE,TRUE,NA,NA,NA,NA,NA
549,2015,"human experimental  ",TRUE,FALSE,TRUE,TRUE,TRUE,NA,NA,NA,NA,NA
550,2013,"human experimental  ",TRUE,FALSE,TRUE,TRUE,TRUE,NA,NA,NA,NA,NA
551,2002,"nonhuman experimental  ",TRUE,FALSE,FALSE,FALSE,FALSE,NA,NA,NA,NA,NA
552,2012,"human experimental  ",TRUE,FALSE,TRUE,FALSE,FALSE,NA,NA,NA,NA,NA
553,2005,"nonhuman experimental  ",TRUE,FALSE,FALSE,FALSE,FALSE,NA,NA,NA,NA,NA
554,2016,"nonhuman observational  ",TRUE,FALSE,TRUE,TRUE,TRUE,NA,NA,NA,NA,NA
555,2010,"human experimental  ",TRUE,FALSE,TRUE,FALSE,FALSE,NA,NA,NA,NA,NA
556,2013,"human experimental  ",TRUE,FALSE,TRUE,FALSE,FALSE,NA,NA,NA,NA,NA
557,2016,"human experimental  ",TRUE,FALSE,FALSE,FALSE,FALSE,NA,NA,NA,NA,NA
558,2000,"nonhuman experimental  ",TRUE,FALSE,FALSE,FALSE,FALSE,NA,NA,NA,NA,NA
559,1996,"nonhuman experimental  ",TRUE,FALSE,FALSE,FALSE,FALSE,NA,NA,NA,NA,NA
560,2015,"human experimental  ",TRUE,FALSE,FALSE,FALSE,FALSE,NA,NA,NA,NA,NA
