"key","year","data_type","species","id","emailed","reason_no_email","downloaded","reply_received","undelivered","auto","data_sent","data_available"
1,2014,"observational","human",4,TRUE,NA,TRUE,TRUE,FALSE,FALSE,FALSE,TRUE
2,2016,"experimental","human",4,FALSE,"materials available",TRUE,FALSE,FALSE,FALSE,FALSE,TRUE
3,1996,"experimental","nonhuman",127,TRUE,NA,FALSE,FALSE,FALSE,FALSE,FALSE,FALSE
4,2016,"experimental","nonhuman",328,TRUE,NA,TRUE,FALSE,FALSE,FALSE,FALSE,TRUE
5,2013,"observational","nonhuman",163,TRUE,NA,TRUE,FALSE,FALSE,FALSE,FALSE,TRUE
6,2001,"experimental","nonhuman",97,TRUE,NA,FALSE,TRUE,FALSE,FALSE,TRUE,TRUE
7,2005,"experimental","nonhuman",148,TRUE,NA,FALSE,FALSE,FALSE,FALSE,FALSE,FALSE
8,1987,"experimental","nonhuman",249,FALSE,"no address available",FALSE,FALSE,FALSE,FALSE,FALSE,FALSE
9,2012,"experimental","nonhuman",213,TRUE,NA,FALSE,TRUE,FALSE,FALSE,TRUE,TRUE
10,2013,"experimental","nonhuman",213,TRUE,NA,FALSE,TRUE,FALSE,FALSE,TRUE,TRUE
11,2015,"experimental","nonhuman",213,TRUE,NA,FALSE,TRUE,FALSE,FALSE,TRUE,TRUE
12,2015,"experimental","nonhuman",213,TRUE,NA,FALSE,TRUE,FALSE,FALSE,FALSE,FALSE
13,2017,"experimental","nonhuman",213,FALSE,"materials available",TRUE,FALSE,FALSE,FALSE,FALSE,TRUE
14,1998,"experimental","human",158,FALSE,"no address available",FALSE,FALSE,FALSE,FALSE,FALSE,FALSE
15,2012,"experimental","human",77,TRUE,NA,FALSE,TRUE,FALSE,FALSE,TRUE,TRUE
16,2013,"experimental","nonhuman",8,TRUE,NA,TRUE,TRUE,FALSE,FALSE,FALSE,TRUE
17,2014,"experimental","nonhuman",8,TRUE,NA,TRUE,TRUE,FALSE,FALSE,FALSE,TRUE
18,1994,"experimental","nonhuman",244,TRUE,NA,FALSE,FALSE,TRUE,FALSE,FALSE,FALSE
19,1999,"observational","nonhuman",154,TRUE,NA,FALSE,TRUE,FALSE,FALSE,FALSE,FALSE
20,2001,"experimental","human",181,TRUE,NA,FALSE,TRUE,FALSE,FALSE,FALSE,FALSE
21,2017,"experimental","nonhuman",41,FALSE,"materials available",TRUE,FALSE,FALSE,FALSE,FALSE,TRUE
22,2002,"experimental","nonhuman",212,TRUE,NA,FALSE,FALSE,FALSE,FALSE,FALSE,FALSE
23,2012,"experimental","nonhuman",228,TRUE,NA,FALSE,FALSE,FALSE,FALSE,FALSE,FALSE
24,2015,"experimental","nonhuman",228,TRUE,NA,TRUE,FALSE,FALSE,FALSE,FALSE,TRUE
25,2004,"experimental","human",362,TRUE,NA,FALSE,TRUE,FALSE,FALSE,TRUE,TRUE
26,2011,"experimental","human",312,TRUE,NA,FALSE,TRUE,FALSE,FALSE,TRUE,TRUE
27,2014,"observational","human",42,TRUE,NA,FALSE,TRUE,FALSE,FALSE,TRUE,TRUE
28,1998,"observational","nonhuman",95,TRUE,NA,FALSE,FALSE,FALSE,FALSE,FALSE,FALSE
29,2015,"observational","human",3,TRUE,NA,FALSE,TRUE,FALSE,FALSE,TRUE,TRUE
30,1997,"experimental","nonhuman",34,TRUE,NA,FALSE,TRUE,FALSE,FALSE,FALSE,FALSE
31,1998,"experimental","nonhuman",34,TRUE,NA,FALSE,TRUE,FALSE,FALSE,FALSE,FALSE
32,2002,"experimental","nonhuman",69,TRUE,NA,FALSE,TRUE,FALSE,FALSE,FALSE,FALSE
33,2015,"experimental","human",287,TRUE,NA,TRUE,TRUE,FALSE,FALSE,FALSE,TRUE
34,2002,"observational","human",286,TRUE,NA,FALSE,FALSE,FALSE,FALSE,FALSE,FALSE
35,2003,"experimental","nonhuman",93,TRUE,NA,FALSE,FALSE,FALSE,FALSE,FALSE,FALSE
36,2005,"observational","human",170,TRUE,NA,FALSE,FALSE,FALSE,FALSE,FALSE,FALSE
37,1991,"observational","nonhuman",68,FALSE,"materials available",TRUE,FALSE,FALSE,FALSE,FALSE,TRUE
38,2003,"observational","nonhuman",324,TRUE,NA,TRUE,FALSE,FALSE,FALSE,FALSE,TRUE
39,2006,"observational","nonhuman",195,TRUE,NA,FALSE,FALSE,FALSE,FALSE,FALSE,FALSE
40,2007,"experimental","nonhuman",195,TRUE,NA,FALSE,FALSE,FALSE,FALSE,FALSE,FALSE
41,2007,"experimental","nonhuman",195,TRUE,NA,FALSE,FALSE,FALSE,FALSE,FALSE,FALSE
42,2008,"experimental","nonhuman",257,TRUE,NA,FALSE,TRUE,FALSE,FALSE,FALSE,FALSE
43,2014,"experimental","nonhuman",257,TRUE,NA,FALSE,TRUE,FALSE,FALSE,FALSE,FALSE
44,2007,"experimental","nonhuman",177,TRUE,NA,FALSE,TRUE,FALSE,FALSE,FALSE,FALSE
45,2016,"observational","human",1,TRUE,NA,FALSE,TRUE,FALSE,FALSE,FALSE,FALSE
46,2016,"observational","human",1,TRUE,NA,FALSE,TRUE,FALSE,FALSE,FALSE,FALSE
47,2017,"observational","human",1,TRUE,NA,FALSE,TRUE,FALSE,FALSE,FALSE,FALSE
48,1996,"experimental","nonhuman",319,TRUE,NA,FALSE,TRUE,FALSE,FALSE,FALSE,FALSE
49,1999,"experimental","nonhuman",293,TRUE,NA,FALSE,TRUE,FALSE,FALSE,FALSE,FALSE
50,2003,"experimental","nonhuman",308,TRUE,NA,FALSE,TRUE,FALSE,FALSE,TRUE,TRUE
51,2002,"experimental","nonhuman",76,TRUE,NA,FALSE,TRUE,FALSE,FALSE,FALSE,FALSE
52,2005,"experimental","nonhuman",130,TRUE,NA,FALSE,FALSE,FALSE,FALSE,FALSE,FALSE
53,2007,"experimental","human",12,TRUE,NA,FALSE,FALSE,TRUE,FALSE,FALSE,FALSE
54,1997,"experimental","nonhuman",341,TRUE,NA,FALSE,TRUE,FALSE,FALSE,FALSE,FALSE
55,2002,"experimental","nonhuman",341,TRUE,NA,FALSE,TRUE,FALSE,FALSE,FALSE,FALSE
56,2016,"experimental","human",115,TRUE,NA,FALSE,TRUE,FALSE,FALSE,FALSE,FALSE
57,2009,"experimental","nonhuman",176,TRUE,NA,FALSE,TRUE,FALSE,FALSE,FALSE,FALSE
58,1993,"observational","nonhuman",290,TRUE,NA,FALSE,TRUE,FALSE,FALSE,FALSE,FALSE
59,2010,"experimental","nonhuman",265,TRUE,NA,FALSE,FALSE,TRUE,FALSE,FALSE,FALSE
60,2003,"experimental","nonhuman",63,TRUE,NA,FALSE,TRUE,FALSE,FALSE,FALSE,FALSE
61,2009,"experimental","human",63,TRUE,NA,FALSE,TRUE,FALSE,FALSE,FALSE,FALSE
62,2010,"experimental","human",63,TRUE,NA,FALSE,TRUE,FALSE,FALSE,FALSE,FALSE
63,2010,"experimental","human",63,TRUE,NA,FALSE,TRUE,FALSE,FALSE,FALSE,FALSE
64,2012,"experimental","human",63,TRUE,NA,FALSE,TRUE,FALSE,FALSE,TRUE,TRUE
65,2012,"experimental","human",63,TRUE,NA,FALSE,TRUE,FALSE,FALSE,FALSE,FALSE
66,2014,"experimental","human",63,TRUE,NA,FALSE,TRUE,FALSE,FALSE,FALSE,FALSE
67,2017,"experimental","human",63,TRUE,NA,FALSE,TRUE,FALSE,FALSE,TRUE,TRUE
68,1994,"experimental","nonhuman",173,TRUE,NA,FALSE,TRUE,FALSE,FALSE,FALSE,FALSE
69,2005,"experimental","human",173,TRUE,NA,FALSE,TRUE,FALSE,FALSE,FALSE,FALSE
70,1981,"experimental","nonhuman",149,FALSE,"no address available",FALSE,FALSE,FALSE,FALSE,FALSE,FALSE
71,1997,"observational","nonhuman",272,TRUE,NA,FALSE,TRUE,FALSE,FALSE,FALSE,FALSE
72,1995,"experimental","human",225,TRUE,NA,FALSE,TRUE,FALSE,FALSE,FALSE,FALSE
73,1998,"experimental","human",225,TRUE,NA,FALSE,TRUE,FALSE,FALSE,FALSE,FALSE
74,2015,"experimental","human",189,TRUE,NA,FALSE,FALSE,FALSE,FALSE,FALSE,FALSE
75,1992,"experimental","nonhuman",204,TRUE,NA,FALSE,FALSE,FALSE,FALSE,FALSE,FALSE
76,2012,"experimental","human",224,TRUE,NA,FALSE,TRUE,FALSE,FALSE,TRUE,TRUE
77,2012,"experimental","human",263,TRUE,NA,FALSE,TRUE,FALSE,FALSE,TRUE,TRUE
78,2013,"experimental","nonhuman",263,TRUE,NA,FALSE,TRUE,FALSE,FALSE,FALSE,FALSE
79,2014,"experimental","nonhuman",263,TRUE,NA,TRUE,TRUE,FALSE,FALSE,FALSE,TRUE
80,2010,"observational","nonhuman",147,TRUE,NA,FALSE,FALSE,FALSE,FALSE,FALSE,FALSE
81,2002,"experimental","nonhuman",329,TRUE,NA,FALSE,FALSE,FALSE,FALSE,FALSE,FALSE
82,2015,"observational","nonhuman",46,TRUE,NA,FALSE,FALSE,FALSE,FALSE,FALSE,FALSE
83,1988,"experimental","nonhuman",326,TRUE,NA,FALSE,FALSE,FALSE,FALSE,FALSE,FALSE
84,2014,"experimental","human",162,TRUE,NA,FALSE,TRUE,FALSE,FALSE,TRUE,TRUE
85,2003,"experimental","nonhuman",145,TRUE,NA,FALSE,TRUE,FALSE,FALSE,FALSE,FALSE
86,2005,"experimental","nonhuman",145,FALSE,"no address available",FALSE,FALSE,FALSE,FALSE,FALSE,FALSE
87,2005,"experimental","nonhuman",145,TRUE,NA,FALSE,FALSE,TRUE,FALSE,FALSE,FALSE
88,2009,"experimental","human",187,TRUE,NA,FALSE,FALSE,FALSE,FALSE,FALSE,FALSE
89,2010,"experimental","human",187,TRUE,NA,FALSE,FALSE,FALSE,FALSE,FALSE,FALSE
90,2007,"experimental","nonhuman",180,TRUE,NA,FALSE,TRUE,FALSE,FALSE,TRUE,TRUE
91,2016,"observational","human",10,TRUE,NA,FALSE,TRUE,FALSE,FALSE,TRUE,TRUE
92,1978,"experimental","nonhuman",100,TRUE,NA,FALSE,TRUE,FALSE,FALSE,FALSE,FALSE
93,1978,"experimental","nonhuman",100,TRUE,NA,FALSE,TRUE,FALSE,FALSE,FALSE,FALSE
94,1988,"experimental","nonhuman",100,TRUE,NA,FALSE,TRUE,FALSE,FALSE,FALSE,FALSE
95,1999,"experimental","nonhuman",88,TRUE,NA,FALSE,FALSE,FALSE,FALSE,FALSE,FALSE
96,2001,"experimental","nonhuman",88,TRUE,NA,FALSE,FALSE,FALSE,FALSE,FALSE,FALSE
97,2011,"experimental","human",261,TRUE,NA,FALSE,TRUE,FALSE,FALSE,TRUE,TRUE
98,2014,"experimental","human",261,TRUE,NA,FALSE,TRUE,FALSE,FALSE,TRUE,TRUE
99,2004,"experimental","nonhuman",259,TRUE,NA,FALSE,TRUE,FALSE,FALSE,FALSE,FALSE
100,2009,"experimental","nonhuman",259,TRUE,NA,FALSE,TRUE,FALSE,FALSE,FALSE,FALSE
101,2016,"experimental","nonhuman",309,TRUE,NA,TRUE,TRUE,FALSE,FALSE,FALSE,TRUE
102,1965,"experimental","nonhuman",36,FALSE,"no address available",FALSE,FALSE,FALSE,FALSE,FALSE,FALSE
103,2001,"experimental","nonhuman",281,TRUE,NA,FALSE,FALSE,FALSE,FALSE,FALSE,FALSE
104,2003,"experimental","nonhuman",281,TRUE,NA,FALSE,FALSE,FALSE,FALSE,FALSE,FALSE
105,1999,"experimental","nonhuman",339,TRUE,NA,FALSE,FALSE,FALSE,FALSE,FALSE,FALSE
106,2012,"experimental","nonhuman",203,TRUE,NA,FALSE,FALSE,FALSE,FALSE,FALSE,FALSE
107,2012,"observational","human",188,TRUE,NA,FALSE,TRUE,FALSE,FALSE,FALSE,FALSE
108,1988,"experimental","nonhuman",223,FALSE,"author dead",FALSE,FALSE,FALSE,FALSE,FALSE,FALSE
109,2012,"experimental","human",238,TRUE,NA,FALSE,TRUE,FALSE,FALSE,TRUE,TRUE
110,2014,"experimental","human",238,TRUE,NA,TRUE,TRUE,FALSE,FALSE,FALSE,TRUE
111,2015,"experimental","human",238,TRUE,NA,FALSE,TRUE,FALSE,FALSE,TRUE,TRUE
112,2015,"experimental","human",238,TRUE,NA,TRUE,TRUE,FALSE,FALSE,FALSE,TRUE
113,2016,"experimental","human",238,TRUE,NA,FALSE,TRUE,FALSE,FALSE,TRUE,TRUE
114,2013,"experimental","human",260,TRUE,NA,FALSE,TRUE,FALSE,FALSE,FALSE,FALSE
115,2008,"experimental","nonhuman",227,TRUE,NA,FALSE,TRUE,FALSE,FALSE,FALSE,FALSE
116,2009,"experimental","nonhuman",227,TRUE,NA,FALSE,TRUE,FALSE,FALSE,FALSE,FALSE
117,2011,"experimental","nonhuman",227,TRUE,NA,FALSE,TRUE,FALSE,FALSE,FALSE,FALSE
118,2016,"observational","human",306,TRUE,NA,TRUE,FALSE,FALSE,FALSE,FALSE,TRUE
119,2008,"experimental","human",47,TRUE,NA,FALSE,TRUE,FALSE,FALSE,FALSE,FALSE
120,2002,"experimental","nonhuman",37,TRUE,NA,FALSE,TRUE,FALSE,FALSE,TRUE,TRUE
121,1996,"experimental","nonhuman",50,TRUE,NA,FALSE,TRUE,FALSE,FALSE,FALSE,FALSE
122,2001,"experimental","nonhuman",43,TRUE,NA,FALSE,FALSE,FALSE,FALSE,FALSE,FALSE
123,2004,"experimental","nonhuman",320,TRUE,NA,FALSE,FALSE,FALSE,FALSE,FALSE,FALSE
124,1999,"experimental","nonhuman",66,TRUE,NA,FALSE,TRUE,FALSE,FALSE,FALSE,FALSE
125,2008,"experimental","nonhuman",91,TRUE,NA,FALSE,FALSE,FALSE,FALSE,FALSE,FALSE
126,2009,"experimental","nonhuman",132,TRUE,NA,FALSE,TRUE,FALSE,FALSE,FALSE,FALSE
127,1992,"experimental","nonhuman",201,TRUE,NA,FALSE,FALSE,FALSE,FALSE,FALSE,FALSE
128,1992,"experimental","nonhuman",201,TRUE,NA,FALSE,FALSE,FALSE,FALSE,FALSE,FALSE
129,1993,"experimental","nonhuman",201,TRUE,NA,FALSE,FALSE,FALSE,FALSE,FALSE,FALSE
130,2007,"experimental","human",52,TRUE,NA,FALSE,TRUE,FALSE,FALSE,TRUE,TRUE
131,2007,"experimental","human",55,TRUE,NA,FALSE,FALSE,FALSE,FALSE,FALSE,FALSE
132,2008,"experimental","human",55,TRUE,NA,FALSE,FALSE,FALSE,FALSE,FALSE,FALSE
133,2009,"experimental","nonhuman",21,TRUE,NA,FALSE,FALSE,FALSE,FALSE,FALSE,FALSE
134,2011,"experimental","nonhuman",21,TRUE,NA,FALSE,FALSE,FALSE,FALSE,FALSE,FALSE
135,2012,"experimental","human",193,TRUE,NA,FALSE,TRUE,FALSE,FALSE,FALSE,FALSE
136,2014,"experimental","human",193,TRUE,NA,FALSE,TRUE,FALSE,FALSE,FALSE,FALSE
137,2010,"observational","nonhuman",275,TRUE,NA,FALSE,FALSE,FALSE,FALSE,FALSE,FALSE
138,2006,"experimental","human",192,TRUE,NA,FALSE,TRUE,FALSE,FALSE,FALSE,FALSE
139,2017,"experimental","nonhuman",208,TRUE,NA,FALSE,FALSE,FALSE,FALSE,FALSE,FALSE
140,2005,"experimental","nonhuman",359,TRUE,NA,FALSE,FALSE,FALSE,FALSE,FALSE,FALSE
141,2015,"experimental","nonhuman",79,TRUE,NA,FALSE,TRUE,FALSE,FALSE,TRUE,TRUE
142,2015,"experimental","nonhuman",79,TRUE,NA,TRUE,TRUE,FALSE,FALSE,FALSE,TRUE
143,2002,"experimental","nonhuman",348,TRUE,NA,FALSE,TRUE,FALSE,FALSE,FALSE,FALSE
144,2010,"experimental","human",264,TRUE,NA,FALSE,TRUE,FALSE,FALSE,TRUE,TRUE
145,2009,"experimental","nonhuman",269,TRUE,NA,FALSE,TRUE,FALSE,FALSE,FALSE,FALSE
146,2008,"experimental","nonhuman",237,TRUE,NA,FALSE,FALSE,FALSE,FALSE,FALSE,FALSE
147,1992,"experimental","nonhuman",133,TRUE,NA,FALSE,FALSE,FALSE,FALSE,FALSE,FALSE
148,2008,"experimental","human",116,TRUE,NA,FALSE,FALSE,FALSE,FALSE,FALSE,FALSE
149,2008,"experimental","human",116,TRUE,NA,FALSE,FALSE,FALSE,FALSE,FALSE,FALSE
150,2008,"experimental","human",116,TRUE,NA,FALSE,FALSE,FALSE,FALSE,FALSE,FALSE
151,2010,"experimental","human",116,TRUE,NA,FALSE,FALSE,FALSE,FALSE,FALSE,FALSE
152,2012,"experimental","human",116,TRUE,NA,FALSE,FALSE,FALSE,FALSE,FALSE,FALSE
153,2016,"experimental","human",116,TRUE,NA,FALSE,FALSE,FALSE,FALSE,FALSE,FALSE
154,2016,"observational","human",139,TRUE,NA,FALSE,FALSE,FALSE,FALSE,FALSE,FALSE
155,1997,"experimental","nonhuman",94,TRUE,NA,FALSE,TRUE,FALSE,FALSE,FALSE,FALSE
156,2013,"observational","nonhuman",94,FALSE,"materials available",TRUE,FALSE,FALSE,FALSE,FALSE,TRUE
157,2017,"observational","nonhuman",94,TRUE,NA,TRUE,TRUE,FALSE,FALSE,FALSE,TRUE
158,2006,"experimental","nonhuman",267,TRUE,NA,FALSE,FALSE,FALSE,FALSE,FALSE,FALSE
159,2008,"experimental","nonhuman",333,TRUE,NA,FALSE,FALSE,FALSE,FALSE,FALSE,FALSE
160,1996,"experimental","nonhuman",350,TRUE,NA,FALSE,TRUE,FALSE,FALSE,FALSE,FALSE
161,1998,"experimental","nonhuman",350,TRUE,NA,FALSE,TRUE,FALSE,FALSE,FALSE,FALSE
162,1999,"experimental","nonhuman",350,TRUE,NA,FALSE,TRUE,FALSE,FALSE,FALSE,FALSE
163,2001,"experimental","nonhuman",350,TRUE,NA,FALSE,TRUE,FALSE,FALSE,FALSE,FALSE
164,2004,"experimental","nonhuman",350,TRUE,NA,FALSE,TRUE,FALSE,FALSE,FALSE,FALSE
165,2009,"experimental","nonhuman",131,TRUE,NA,FALSE,FALSE,FALSE,FALSE,FALSE,FALSE
166,1999,"experimental","nonhuman",169,TRUE,NA,FALSE,FALSE,FALSE,FALSE,FALSE,FALSE
167,2000,"experimental","nonhuman",169,TRUE,NA,FALSE,FALSE,FALSE,FALSE,FALSE,FALSE
168,1994,"experimental","nonhuman",322,TRUE,NA,FALSE,FALSE,FALSE,FALSE,FALSE,FALSE
169,2015,"observational","nonhuman",332,TRUE,NA,FALSE,FALSE,FALSE,FALSE,FALSE,FALSE
170,2001,"experimental","nonhuman",136,TRUE,NA,FALSE,FALSE,FALSE,FALSE,FALSE,FALSE
171,2004,"experimental","nonhuman",136,TRUE,NA,FALSE,FALSE,FALSE,FALSE,FALSE,FALSE
172,2011,"experimental","nonhuman",136,TRUE,NA,FALSE,TRUE,FALSE,FALSE,FALSE,FALSE
173,1980,"experimental","nonhuman",34,TRUE,NA,FALSE,TRUE,FALSE,FALSE,FALSE,FALSE
174,1986,"experimental","nonhuman",34,TRUE,NA,FALSE,TRUE,FALSE,FALSE,FALSE,FALSE
175,1995,"experimental","nonhuman",34,TRUE,NA,FALSE,TRUE,FALSE,FALSE,FALSE,FALSE
176,1995,"experimental","nonhuman",34,TRUE,NA,FALSE,TRUE,FALSE,FALSE,FALSE,FALSE
177,1998,"experimental","nonhuman",34,TRUE,NA,FALSE,TRUE,FALSE,FALSE,FALSE,FALSE
178,2001,"experimental","nonhuman",34,TRUE,NA,FALSE,TRUE,FALSE,FALSE,FALSE,FALSE
179,2002,"experimental","nonhuman",34,TRUE,NA,FALSE,TRUE,FALSE,FALSE,FALSE,FALSE
180,2003,"experimental","nonhuman",34,TRUE,NA,FALSE,TRUE,FALSE,FALSE,FALSE,FALSE
181,2004,"experimental","nonhuman",34,TRUE,NA,FALSE,TRUE,FALSE,FALSE,FALSE,FALSE
182,2008,"experimental","nonhuman",34,TRUE,NA,FALSE,TRUE,FALSE,FALSE,FALSE,FALSE
183,1988,"experimental","nonhuman",34,TRUE,NA,FALSE,TRUE,FALSE,FALSE,FALSE,FALSE
184,2015,"observational","human",307,TRUE,NA,FALSE,TRUE,FALSE,FALSE,FALSE,FALSE
185,2017,"observational","human",307,TRUE,NA,FALSE,TRUE,FALSE,FALSE,FALSE,FALSE
186,2011,"experimental","human",13,TRUE,NA,FALSE,TRUE,FALSE,FALSE,FALSE,FALSE
187,2016,"observational","human",366,TRUE,NA,TRUE,TRUE,FALSE,FALSE,FALSE,TRUE
188,2011,"observational","nonhuman",110,TRUE,NA,FALSE,FALSE,FALSE,FALSE,FALSE,FALSE
189,2017,"observational","nonhuman",110,FALSE,"materials available",TRUE,FALSE,FALSE,FALSE,FALSE,TRUE
190,2002,"experimental","human",123,TRUE,NA,FALSE,TRUE,FALSE,FALSE,TRUE,TRUE
191,1987,"experimental","nonhuman",210,TRUE,NA,FALSE,FALSE,FALSE,FALSE,FALSE,FALSE
192,2017,"experimental","human",216,TRUE,NA,FALSE,TRUE,FALSE,FALSE,TRUE,TRUE
193,2005,"experimental","nonhuman",157,TRUE,NA,FALSE,FALSE,FALSE,FALSE,FALSE,FALSE
194,1996,"experimental","nonhuman",152,TRUE,NA,FALSE,FALSE,FALSE,FALSE,FALSE,FALSE
195,2007,"experimental","nonhuman",31,TRUE,NA,FALSE,FALSE,FALSE,FALSE,FALSE,FALSE
196,2003,"experimental","nonhuman",16,TRUE,NA,FALSE,TRUE,FALSE,FALSE,FALSE,FALSE
197,2008,"experimental","human",343,TRUE,NA,FALSE,TRUE,FALSE,FALSE,FALSE,FALSE
198,2009,"experimental","nonhuman",340,TRUE,NA,FALSE,TRUE,FALSE,FALSE,FALSE,FALSE
199,2013,"experimental","nonhuman",67,TRUE,NA,FALSE,FALSE,FALSE,FALSE,FALSE,FALSE
200,2014,"experimental","nonhuman",349,TRUE,NA,FALSE,TRUE,FALSE,FALSE,FALSE,FALSE
201,2014,"experimental","nonhuman",349,TRUE,NA,TRUE,TRUE,FALSE,FALSE,FALSE,TRUE
202,2016,"observational","human",146,TRUE,NA,TRUE,FALSE,FALSE,FALSE,FALSE,TRUE
203,2017,"experimental","nonhuman",205,TRUE,NA,TRUE,TRUE,FALSE,FALSE,FALSE,TRUE
204,1970,"experimental","human",268,FALSE,"no address available",FALSE,FALSE,FALSE,FALSE,FALSE,FALSE
205,1997,"experimental","nonhuman",183,TRUE,NA,FALSE,TRUE,FALSE,FALSE,FALSE,FALSE
206,2011,"experimental","human",80,TRUE,NA,FALSE,TRUE,FALSE,FALSE,TRUE,TRUE
207,2012,"experimental","human",80,TRUE,NA,FALSE,TRUE,FALSE,FALSE,TRUE,TRUE
208,2014,"experimental","human",80,TRUE,NA,FALSE,TRUE,FALSE,FALSE,TRUE,TRUE
209,1988,"observational","nonhuman",226,FALSE,"no address available",FALSE,FALSE,FALSE,FALSE,FALSE,FALSE
210,2001,"experimental","human",61,TRUE,NA,FALSE,TRUE,FALSE,FALSE,FALSE,FALSE
211,1984,"experimental","nonhuman",126,TRUE,NA,FALSE,TRUE,FALSE,FALSE,FALSE,FALSE
212,1986,"observational","human",29,TRUE,NA,FALSE,TRUE,FALSE,FALSE,FALSE,FALSE
213,2011,"observational","human",29,TRUE,NA,FALSE,TRUE,FALSE,FALSE,FALSE,FALSE
214,2013,"observational","human",38,TRUE,NA,FALSE,TRUE,FALSE,FALSE,FALSE,FALSE
215,2016,"observational","human",38,TRUE,NA,FALSE,TRUE,FALSE,FALSE,FALSE,FALSE
216,2016,"observational","human",29,TRUE,NA,FALSE,TRUE,FALSE,FALSE,FALSE,FALSE
217,2016,"observational","human",29,TRUE,NA,FALSE,TRUE,FALSE,FALSE,FALSE,FALSE
218,2002,"experimental","nonhuman",54,TRUE,NA,FALSE,FALSE,FALSE,FALSE,FALSE,FALSE
219,2000,"experimental","nonhuman",313,TRUE,NA,FALSE,FALSE,FALSE,FALSE,FALSE,FALSE
220,2003,"experimental","nonhuman",313,TRUE,NA,FALSE,FALSE,FALSE,FALSE,FALSE,FALSE
221,2014,"observational","nonhuman",53,TRUE,NA,TRUE,TRUE,FALSE,FALSE,FALSE,TRUE
222,1995,"observational","nonhuman",151,TRUE,NA,FALSE,TRUE,FALSE,FALSE,FALSE,FALSE
223,1996,"experimental","nonhuman",250,TRUE,NA,FALSE,TRUE,FALSE,FALSE,FALSE,FALSE
224,2006,"observational","nonhuman",206,TRUE,NA,FALSE,FALSE,FALSE,FALSE,FALSE,FALSE
225,2010,"experimental","nonhuman",159,TRUE,NA,FALSE,FALSE,FALSE,FALSE,FALSE,FALSE
226,2010,"experimental","nonhuman",159,TRUE,NA,FALSE,FALSE,FALSE,FALSE,FALSE,FALSE
227,2007,"experimental","nonhuman",218,TRUE,NA,FALSE,TRUE,FALSE,FALSE,FALSE,FALSE
228,2008,"experimental","human",218,TRUE,NA,FALSE,TRUE,FALSE,FALSE,FALSE,FALSE
229,2010,"experimental","human",218,TRUE,NA,FALSE,TRUE,FALSE,FALSE,FALSE,FALSE
230,2011,"experimental","nonhuman",218,TRUE,NA,FALSE,TRUE,FALSE,FALSE,FALSE,FALSE
231,2013,"experimental","nonhuman",218,TRUE,NA,FALSE,TRUE,FALSE,FALSE,FALSE,FALSE
232,2015,"experimental","nonhuman",218,TRUE,NA,FALSE,TRUE,FALSE,FALSE,FALSE,FALSE
233,2012,"experimental","nonhuman",361,TRUE,NA,FALSE,FALSE,TRUE,FALSE,FALSE,FALSE
234,2005,"experimental","human",356,TRUE,NA,FALSE,TRUE,FALSE,FALSE,FALSE,FALSE
235,2006,"experimental","human",356,TRUE,NA,FALSE,TRUE,FALSE,FALSE,FALSE,FALSE
236,2010,"experimental","nonhuman",356,TRUE,NA,FALSE,TRUE,FALSE,FALSE,FALSE,FALSE
237,2009,"experimental","nonhuman",64,TRUE,NA,FALSE,FALSE,FALSE,FALSE,FALSE,FALSE
238,2005,"experimental","human",59,TRUE,NA,FALSE,TRUE,FALSE,FALSE,FALSE,FALSE
239,2001,"experimental","nonhuman",214,TRUE,NA,FALSE,TRUE,FALSE,FALSE,FALSE,FALSE
240,1979,"experimental","nonhuman",96,TRUE,NA,FALSE,FALSE,FALSE,FALSE,FALSE,FALSE
241,1984,"observational","nonhuman",242,TRUE,NA,FALSE,TRUE,FALSE,FALSE,FALSE,FALSE
242,1996,"observational","nonhuman",242,TRUE,NA,FALSE,TRUE,FALSE,FALSE,FALSE,FALSE
243,2004,"experimental","nonhuman",242,TRUE,NA,FALSE,TRUE,FALSE,FALSE,FALSE,FALSE
244,2009,"observational","nonhuman",336,TRUE,NA,FALSE,FALSE,FALSE,TRUE,FALSE,FALSE
245,2012,"observational","nonhuman",125,TRUE,NA,FALSE,FALSE,FALSE,FALSE,FALSE,FALSE
246,2014,"experimental","human",220,TRUE,NA,FALSE,FALSE,FALSE,FALSE,FALSE,FALSE
247,2016,"observational","human",182,TRUE,NA,TRUE,TRUE,FALSE,FALSE,FALSE,TRUE
248,2016,"observational","human",182,TRUE,NA,TRUE,TRUE,FALSE,FALSE,FALSE,TRUE
249,1961,"experimental","human",294,FALSE,"no address available",FALSE,FALSE,FALSE,FALSE,FALSE,FALSE
250,2010,"observational","nonhuman",2,TRUE,NA,FALSE,TRUE,FALSE,FALSE,TRUE,TRUE
251,2006,"experimental","nonhuman",198,TRUE,NA,FALSE,FALSE,FALSE,FALSE,FALSE,FALSE
252,1968,"experimental","nonhuman",99,FALSE,"no address available",FALSE,FALSE,FALSE,FALSE,FALSE,FALSE
253,1998,"experimental","nonhuman",14,TRUE,NA,FALSE,TRUE,FALSE,FALSE,FALSE,FALSE
254,1993,"observational","nonhuman",124,TRUE,NA,FALSE,TRUE,FALSE,FALSE,FALSE,FALSE
255,2007,"experimental","human",33,TRUE,NA,FALSE,TRUE,FALSE,FALSE,TRUE,TRUE
256,2007,"experimental","human",245,TRUE,NA,FALSE,TRUE,FALSE,FALSE,TRUE,TRUE
257,2002,"experimental","human",335,TRUE,NA,FALSE,TRUE,FALSE,FALSE,TRUE,TRUE
258,2003,"experimental","human",335,TRUE,NA,FALSE,TRUE,FALSE,FALSE,TRUE,TRUE
259,2016,"observational","human",255,TRUE,NA,FALSE,TRUE,FALSE,FALSE,FALSE,FALSE
260,2017,"experimental","human",156,TRUE,NA,FALSE,TRUE,FALSE,FALSE,FALSE,FALSE
261,2000,"experimental","human",364,TRUE,NA,FALSE,TRUE,FALSE,FALSE,FALSE,FALSE
262,2013,"experimental","human",364,TRUE,NA,FALSE,TRUE,FALSE,FALSE,TRUE,TRUE
263,2003,"experimental","nonhuman",221,TRUE,NA,FALSE,TRUE,FALSE,FALSE,FALSE,FALSE
264,2001,"experimental","nonhuman",222,TRUE,NA,FALSE,FALSE,FALSE,FALSE,FALSE,FALSE
265,2003,"experimental","nonhuman",161,TRUE,NA,FALSE,TRUE,FALSE,FALSE,FALSE,FALSE
266,2012,"experimental","human",230,FALSE,"materials available",TRUE,FALSE,FALSE,FALSE,FALSE,TRUE
267,2014,"experimental","human",230,TRUE,NA,TRUE,TRUE,FALSE,FALSE,FALSE,TRUE
268,2015,"experimental","human",355,TRUE,NA,FALSE,TRUE,FALSE,FALSE,TRUE,TRUE
269,2004,"experimental","nonhuman",282,TRUE,NA,FALSE,TRUE,FALSE,FALSE,FALSE,FALSE
270,2009,"experimental","nonhuman",282,TRUE,NA,FALSE,TRUE,FALSE,FALSE,FALSE,FALSE
271,2009,"experimental","nonhuman",165,TRUE,NA,FALSE,TRUE,FALSE,FALSE,FALSE,FALSE
272,2010,"experimental","nonhuman",282,TRUE,NA,TRUE,TRUE,FALSE,FALSE,FALSE,TRUE
273,2015,"experimental","nonhuman",282,TRUE,NA,FALSE,TRUE,FALSE,FALSE,FALSE,FALSE
274,2006,"experimental","nonhuman",32,TRUE,NA,FALSE,TRUE,FALSE,FALSE,TRUE,TRUE
275,2013,"experimental","human",142,TRUE,NA,FALSE,TRUE,FALSE,FALSE,TRUE,TRUE
276,2015,"experimental","human",315,TRUE,NA,FALSE,TRUE,FALSE,FALSE,TRUE,TRUE
277,2009,"observational","nonhuman",141,TRUE,NA,FALSE,FALSE,FALSE,FALSE,FALSE,FALSE
278,2003,"experimental","nonhuman",114,TRUE,NA,FALSE,FALSE,FALSE,FALSE,FALSE,FALSE
279,2013,"observational","human",251,TRUE,NA,FALSE,TRUE,FALSE,FALSE,FALSE,FALSE
280,2015,"observational","nonhuman",185,TRUE,NA,FALSE,TRUE,FALSE,FALSE,FALSE,FALSE
281,2015,"observational","nonhuman",185,TRUE,NA,TRUE,TRUE,FALSE,FALSE,FALSE,TRUE
282,2014,"observational","nonhuman",22,TRUE,NA,TRUE,FALSE,FALSE,FALSE,FALSE,TRUE
283,2016,"observational","human",164,TRUE,NA,FALSE,TRUE,FALSE,FALSE,TRUE,TRUE
284,2016,"observational","human",331,TRUE,NA,FALSE,FALSE,FALSE,FALSE,FALSE,FALSE
285,1973,"experimental","nonhuman",172,TRUE,NA,FALSE,TRUE,FALSE,FALSE,FALSE,FALSE
286,2005,"observational","nonhuman",243,TRUE,NA,FALSE,FALSE,FALSE,FALSE,FALSE,FALSE
287,2016,"experimental","nonhuman",144,TRUE,NA,TRUE,FALSE,FALSE,FALSE,FALSE,TRUE
288,2018,"experimental","nonhuman",144,TRUE,NA,TRUE,FALSE,FALSE,FALSE,FALSE,TRUE
289,1998,"experimental","nonhuman",296,TRUE,NA,FALSE,TRUE,FALSE,FALSE,FALSE,FALSE
290,2009,"experimental","nonhuman",231,TRUE,NA,FALSE,FALSE,FALSE,FALSE,FALSE,FALSE
291,1990,"experimental","nonhuman",191,TRUE,NA,FALSE,FALSE,TRUE,FALSE,FALSE,FALSE
292,1991,"experimental","nonhuman",191,TRUE,NA,FALSE,TRUE,FALSE,FALSE,FALSE,FALSE
293,1992,"experimental","nonhuman",191,TRUE,NA,FALSE,FALSE,TRUE,FALSE,FALSE,FALSE
294,1993,"experimental","nonhuman",191,TRUE,NA,FALSE,FALSE,TRUE,FALSE,FALSE,FALSE
295,1997,"experimental","nonhuman",191,TRUE,NA,FALSE,TRUE,FALSE,FALSE,FALSE,FALSE
296,1998,"experimental","nonhuman",191,TRUE,NA,FALSE,TRUE,FALSE,FALSE,FALSE,FALSE
297,1999,"experimental","nonhuman",191,TRUE,NA,FALSE,TRUE,FALSE,FALSE,FALSE,FALSE
298,2015,"observational","nonhuman",239,TRUE,NA,TRUE,TRUE,FALSE,FALSE,FALSE,TRUE
299,1996,"experimental","nonhuman",351,TRUE,NA,FALSE,FALSE,FALSE,FALSE,FALSE,FALSE
300,2007,"experimental","nonhuman",111,TRUE,NA,FALSE,TRUE,FALSE,FALSE,TRUE,TRUE
301,2009,"experimental","nonhuman",111,TRUE,NA,FALSE,TRUE,FALSE,FALSE,TRUE,TRUE
302,1999,"observational","nonhuman",278,TRUE,NA,FALSE,TRUE,FALSE,FALSE,FALSE,FALSE
303,2018,"experimental","human",104,TRUE,NA,TRUE,TRUE,FALSE,FALSE,FALSE,TRUE
304,1986,"experimental","nonhuman",209,TRUE,NA,FALSE,TRUE,FALSE,FALSE,FALSE,FALSE
305,1994,"experimental","nonhuman",209,TRUE,NA,FALSE,TRUE,FALSE,FALSE,FALSE,FALSE
306,1995,"experimental","nonhuman",209,TRUE,NA,FALSE,TRUE,FALSE,FALSE,FALSE,FALSE
307,2003,"experimental","nonhuman",120,TRUE,NA,FALSE,TRUE,FALSE,FALSE,FALSE,FALSE
308,1996,"experimental","human",56,TRUE,NA,FALSE,TRUE,FALSE,FALSE,FALSE,FALSE
309,2009,"experimental","nonhuman",15,TRUE,NA,FALSE,FALSE,FALSE,FALSE,FALSE,FALSE
310,2010,"experimental","nonhuman",57,TRUE,NA,FALSE,FALSE,FALSE,FALSE,FALSE,FALSE
311,2012,"experimental","nonhuman",57,TRUE,NA,FALSE,FALSE,FALSE,FALSE,FALSE,FALSE
312,2008,"experimental","human",26,TRUE,NA,FALSE,FALSE,FALSE,FALSE,FALSE,FALSE
313,2016,"experimental","nonhuman",72,TRUE,NA,TRUE,TRUE,FALSE,FALSE,FALSE,TRUE
314,2004,"observational","nonhuman",109,TRUE,NA,FALSE,FALSE,FALSE,TRUE,FALSE,FALSE
315,2006,"experimental","nonhuman",109,TRUE,NA,FALSE,FALSE,FALSE,TRUE,FALSE,FALSE
316,1971,"experimental","nonhuman",289,FALSE,"no address available",FALSE,FALSE,FALSE,FALSE,FALSE,FALSE
317,2017,"experimental","nonhuman",270,TRUE,NA,TRUE,FALSE,FALSE,FALSE,FALSE,TRUE
318,2014,"observational","nonhuman",219,TRUE,NA,FALSE,TRUE,FALSE,FALSE,FALSE,FALSE
319,2007,"experimental","nonhuman",135,TRUE,NA,FALSE,TRUE,FALSE,FALSE,FALSE,FALSE
320,2007,"experimental","human",90,TRUE,NA,FALSE,FALSE,FALSE,FALSE,FALSE,FALSE
321,2011,"experimental","human",90,TRUE,NA,FALSE,FALSE,FALSE,FALSE,FALSE,FALSE
322,2012,"experimental","nonhuman",301,TRUE,NA,FALSE,TRUE,FALSE,FALSE,FALSE,FALSE
323,2004,"observational","nonhuman",168,TRUE,NA,FALSE,TRUE,FALSE,FALSE,TRUE,TRUE
324,1995,"observational","nonhuman",84,TRUE,NA,FALSE,FALSE,FALSE,FALSE,FALSE,FALSE
325,2002,"experimental","nonhuman",84,TRUE,NA,FALSE,FALSE,FALSE,FALSE,FALSE,FALSE
326,1988,"experimental","nonhuman",25,TRUE,NA,FALSE,TRUE,FALSE,FALSE,FALSE,FALSE
327,1988,"experimental","nonhuman",83,FALSE,"no address available",FALSE,FALSE,FALSE,FALSE,FALSE,FALSE
328,2003,"observational","nonhuman",154,TRUE,NA,FALSE,TRUE,FALSE,FALSE,FALSE,FALSE
329,2012,"observational","nonhuman",154,TRUE,NA,FALSE,TRUE,FALSE,FALSE,FALSE,FALSE
330,2000,"experimental","nonhuman",60,TRUE,NA,FALSE,FALSE,FALSE,FALSE,FALSE,FALSE
331,1964,"experimental","nonhuman",276,FALSE,"author dead",FALSE,FALSE,FALSE,FALSE,FALSE,FALSE
332,2008,"experimental","nonhuman",310,TRUE,NA,FALSE,TRUE,FALSE,FALSE,TRUE,TRUE
333,2008,"experimental","nonhuman",310,TRUE,NA,FALSE,TRUE,FALSE,FALSE,TRUE,TRUE
334,2014,"experimental","human",98,TRUE,NA,FALSE,TRUE,FALSE,FALSE,FALSE,FALSE
335,1981,"experimental","nonhuman",150,FALSE,"no address available",FALSE,FALSE,FALSE,FALSE,FALSE,FALSE
336,1988,"experimental","nonhuman",150,FALSE,"no address available",FALSE,FALSE,FALSE,FALSE,FALSE,FALSE
337,1997,"experimental","nonhuman",166,TRUE,NA,FALSE,FALSE,FALSE,FALSE,FALSE,FALSE
338,2015,"observational","human",311,FALSE,"materials available",TRUE,FALSE,FALSE,FALSE,FALSE,TRUE
339,1996,"experimental","nonhuman",9,TRUE,NA,FALSE,TRUE,FALSE,FALSE,FALSE,FALSE
340,1996,"observational","nonhuman",337,TRUE,NA,FALSE,TRUE,FALSE,FALSE,FALSE,FALSE
341,2008,"experimental","nonhuman",337,TRUE,NA,FALSE,TRUE,FALSE,FALSE,FALSE,FALSE
342,2009,"observational","nonhuman",217,TRUE,NA,FALSE,TRUE,FALSE,FALSE,TRUE,TRUE
343,2012,"experimental","human",75,TRUE,NA,FALSE,TRUE,FALSE,FALSE,FALSE,FALSE
344,2008,"observational","nonhuman",283,TRUE,NA,FALSE,TRUE,FALSE,FALSE,FALSE,FALSE
345,2001,"experimental","nonhuman",184,TRUE,NA,FALSE,FALSE,FALSE,FALSE,FALSE,FALSE
346,2004,"observational","human",288,TRUE,NA,FALSE,FALSE,FALSE,FALSE,FALSE,FALSE
347,2005,"experimental","human",288,TRUE,NA,FALSE,FALSE,FALSE,FALSE,FALSE,FALSE
348,2008,"experimental","human",288,TRUE,NA,FALSE,FALSE,FALSE,FALSE,FALSE,FALSE
349,2007,"experimental","human",262,TRUE,NA,FALSE,FALSE,FALSE,FALSE,FALSE,FALSE
350,2010,"experimental","human",262,TRUE,NA,FALSE,FALSE,FALSE,FALSE,FALSE,FALSE
351,2013,"experimental","human",262,TRUE,NA,FALSE,FALSE,FALSE,FALSE,FALSE,FALSE
352,2017,"experimental","human",262,TRUE,NA,TRUE,FALSE,FALSE,FALSE,FALSE,TRUE
353,2017,"experimental","human",262,TRUE,NA,FALSE,FALSE,FALSE,FALSE,FALSE,FALSE
354,1992,"experimental","nonhuman",199,FALSE,"no address available",FALSE,FALSE,FALSE,FALSE,FALSE,FALSE
355,1994,"experimental","nonhuman",199,FALSE,"no address available",FALSE,FALSE,FALSE,FALSE,FALSE,FALSE
356,1988,"experimental","human",18,TRUE,NA,FALSE,FALSE,FALSE,FALSE,FALSE,FALSE
357,1995,"experimental","human",18,TRUE,NA,FALSE,FALSE,FALSE,FALSE,FALSE,FALSE
358,1972,"experimental","nonhuman",113,FALSE,"author dead",FALSE,FALSE,FALSE,FALSE,FALSE,FALSE
359,2004,"experimental","human",5,TRUE,NA,FALSE,TRUE,FALSE,FALSE,TRUE,TRUE
360,2006,"experimental","human",5,TRUE,NA,FALSE,TRUE,FALSE,FALSE,TRUE,TRUE
361,2008,"experimental","human",5,TRUE,NA,FALSE,TRUE,FALSE,FALSE,TRUE,TRUE
362,2008,"experimental","human",5,TRUE,NA,FALSE,TRUE,FALSE,FALSE,TRUE,TRUE
363,2011,"experimental","human",5,TRUE,NA,FALSE,TRUE,FALSE,FALSE,TRUE,TRUE
364,2015,"experimental","human",5,TRUE,NA,TRUE,TRUE,FALSE,FALSE,FALSE,TRUE
365,2000,"experimental","nonhuman",274,TRUE,NA,FALSE,TRUE,FALSE,FALSE,TRUE,TRUE
366,2016,"experimental","nonhuman",280,FALSE,"materials available",TRUE,FALSE,FALSE,FALSE,FALSE,TRUE
367,1984,"experimental","nonhuman",326,TRUE,NA,FALSE,FALSE,FALSE,FALSE,FALSE,FALSE
368,2015,"observational","human",138,TRUE,NA,TRUE,TRUE,FALSE,FALSE,FALSE,TRUE
369,2014,"experimental","human",211,TRUE,NA,FALSE,TRUE,FALSE,FALSE,TRUE,TRUE
370,2011,"experimental","nonhuman",178,TRUE,NA,FALSE,FALSE,FALSE,FALSE,FALSE,FALSE
371,2003,"observational","human",128,TRUE,NA,FALSE,FALSE,FALSE,FALSE,FALSE,FALSE
372,2012,"experimental","human",342,TRUE,NA,FALSE,TRUE,FALSE,FALSE,TRUE,TRUE
373,2015,"experimental","human",342,TRUE,NA,FALSE,TRUE,FALSE,FALSE,TRUE,TRUE
374,2015,"experimental","human",342,TRUE,NA,FALSE,TRUE,FALSE,FALSE,TRUE,TRUE
375,2015,"experimental","human",240,TRUE,NA,FALSE,FALSE,FALSE,FALSE,FALSE,FALSE
376,2013,"observational","nonhuman",344,TRUE,NA,TRUE,FALSE,FALSE,FALSE,FALSE,TRUE
377,2010,"experimental","nonhuman",73,TRUE,NA,FALSE,TRUE,FALSE,FALSE,TRUE,TRUE
378,2001,"experimental","nonhuman",202,TRUE,NA,FALSE,FALSE,FALSE,FALSE,FALSE,FALSE
379,2014,"experimental","human",247,TRUE,NA,TRUE,TRUE,FALSE,FALSE,FALSE,TRUE
380,2000,"experimental","nonhuman",235,TRUE,NA,FALSE,FALSE,TRUE,FALSE,FALSE,FALSE
381,1993,"experimental","human",186,TRUE,NA,FALSE,TRUE,FALSE,FALSE,FALSE,FALSE
382,2007,"observational","nonhuman",58,TRUE,NA,FALSE,TRUE,FALSE,FALSE,FALSE,FALSE
383,2017,"experimental","nonhuman",78,TRUE,NA,TRUE,TRUE,FALSE,FALSE,FALSE,TRUE
384,2015,"experimental","nonhuman",81,TRUE,NA,TRUE,TRUE,FALSE,FALSE,FALSE,TRUE
385,1992,"experimental","nonhuman",65,TRUE,NA,FALSE,TRUE,FALSE,FALSE,FALSE,FALSE
386,1994,"experimental","nonhuman",65,TRUE,NA,FALSE,TRUE,FALSE,FALSE,FALSE,FALSE
387,1994,"experimental","nonhuman",65,TRUE,NA,FALSE,TRUE,FALSE,FALSE,FALSE,FALSE
388,1999,"experimental","nonhuman",65,TRUE,NA,FALSE,TRUE,FALSE,FALSE,FALSE,FALSE
389,2006,"experimental","human",232,TRUE,NA,FALSE,TRUE,FALSE,FALSE,TRUE,TRUE
390,2008,"experimental","human",232,TRUE,NA,FALSE,TRUE,FALSE,FALSE,TRUE,TRUE
391,2010,"experimental","human",232,TRUE,NA,FALSE,TRUE,FALSE,FALSE,TRUE,TRUE
392,2011,"experimental","human",232,TRUE,NA,FALSE,TRUE,FALSE,FALSE,TRUE,TRUE
393,2013,"experimental","human",232,TRUE,NA,FALSE,TRUE,FALSE,FALSE,TRUE,TRUE
394,2014,"experimental","human",232,TRUE,NA,FALSE,TRUE,FALSE,FALSE,TRUE,TRUE
395,2014,"experimental","human",232,TRUE,NA,FALSE,TRUE,FALSE,FALSE,TRUE,TRUE
396,2016,"experimental","human",232,TRUE,NA,FALSE,TRUE,FALSE,FALSE,TRUE,TRUE
397,2005,"observational","nonhuman",295,TRUE,NA,FALSE,FALSE,FALSE,FALSE,FALSE,FALSE
398,2012,"observational","nonhuman",295,TRUE,NA,FALSE,FALSE,FALSE,FALSE,FALSE,FALSE
399,1998,"experimental","human",338,TRUE,NA,FALSE,TRUE,FALSE,FALSE,TRUE,TRUE
400,1997,"observational","human",190,TRUE,NA,FALSE,FALSE,FALSE,FALSE,FALSE,FALSE
401,2014,"experimental","human",314,TRUE,NA,FALSE,TRUE,FALSE,FALSE,FALSE,FALSE
402,1998,"experimental","nonhuman",300,TRUE,NA,FALSE,FALSE,FALSE,FALSE,FALSE,FALSE
403,2004,"experimental","human",17,TRUE,NA,FALSE,TRUE,FALSE,FALSE,FALSE,FALSE
404,2007,"experimental","human",17,TRUE,NA,FALSE,TRUE,FALSE,FALSE,FALSE,FALSE
405,2004,"experimental","nonhuman",7,TRUE,NA,FALSE,FALSE,FALSE,FALSE,FALSE,FALSE
406,2005,"observational","nonhuman",101,TRUE,NA,FALSE,TRUE,FALSE,FALSE,FALSE,FALSE
407,2011,"observational","nonhuman",49,TRUE,NA,FALSE,FALSE,FALSE,FALSE,FALSE,FALSE
408,1985,"experimental","nonhuman",39,TRUE,NA,FALSE,FALSE,FALSE,FALSE,FALSE,FALSE
409,2002,"observational","nonhuman",241,TRUE,NA,FALSE,FALSE,FALSE,FALSE,FALSE,FALSE
410,1992,"experimental","nonhuman",82,TRUE,NA,FALSE,TRUE,FALSE,FALSE,FALSE,FALSE
411,2016,"observational","human",365,TRUE,NA,TRUE,FALSE,FALSE,FALSE,FALSE,TRUE
412,2003,"observational","nonhuman",327,TRUE,NA,FALSE,TRUE,FALSE,FALSE,FALSE,FALSE
413,2003,"observational","nonhuman",327,TRUE,NA,FALSE,TRUE,FALSE,FALSE,FALSE,FALSE
414,2009,"observational","nonhuman",327,TRUE,NA,FALSE,TRUE,FALSE,FALSE,TRUE,TRUE
415,2017,"observational","nonhuman",325,FALSE,"materials available",TRUE,FALSE,FALSE,FALSE,FALSE,TRUE
416,2009,"experimental","nonhuman",229,TRUE,NA,FALSE,TRUE,FALSE,FALSE,FALSE,FALSE
417,2010,"experimental","nonhuman",347,TRUE,NA,FALSE,TRUE,FALSE,FALSE,FALSE,FALSE
418,2010,"experimental","nonhuman",347,TRUE,NA,FALSE,TRUE,FALSE,FALSE,FALSE,FALSE
419,1986,"experimental","nonhuman",330,TRUE,NA,FALSE,TRUE,FALSE,FALSE,FALSE,FALSE
420,2001,"experimental","nonhuman",277,TRUE,NA,FALSE,TRUE,FALSE,FALSE,FALSE,FALSE
421,2003,"experimental","nonhuman",277,TRUE,NA,FALSE,TRUE,FALSE,FALSE,TRUE,TRUE
422,2004,"experimental","nonhuman",277,TRUE,NA,FALSE,TRUE,FALSE,FALSE,TRUE,TRUE
423,1996,"experimental","nonhuman",112,TRUE,NA,FALSE,TRUE,FALSE,FALSE,FALSE,FALSE
424,2007,"experimental","nonhuman",108,TRUE,NA,FALSE,TRUE,FALSE,FALSE,FALSE,FALSE
425,2009,"experimental","nonhuman",108,TRUE,NA,FALSE,TRUE,FALSE,FALSE,FALSE,FALSE
426,2013,"observational","human",285,TRUE,NA,FALSE,FALSE,FALSE,FALSE,FALSE,FALSE
427,2000,"experimental","nonhuman",27,TRUE,NA,FALSE,TRUE,FALSE,FALSE,FALSE,FALSE
428,2016,"observational","human",233,TRUE,NA,FALSE,TRUE,FALSE,FALSE,TRUE,TRUE
429,2008,"observational","nonhuman",258,TRUE,NA,FALSE,TRUE,FALSE,FALSE,FALSE,FALSE
430,2002,"observational","nonhuman",207,TRUE,NA,FALSE,TRUE,FALSE,FALSE,FALSE,FALSE
431,2000,"experimental","nonhuman",316,TRUE,NA,FALSE,TRUE,FALSE,FALSE,FALSE,FALSE
432,2002,"experimental","nonhuman",316,TRUE,NA,FALSE,TRUE,FALSE,FALSE,TRUE,TRUE
433,2003,"experimental","nonhuman",316,TRUE,NA,FALSE,TRUE,FALSE,FALSE,FALSE,FALSE
434,2009,"experimental","human",121,TRUE,NA,FALSE,TRUE,FALSE,FALSE,FALSE,FALSE
435,2000,"experimental","nonhuman",318,TRUE,NA,FALSE,TRUE,FALSE,FALSE,FALSE,FALSE
436,2017,"experimental","human",119,TRUE,NA,TRUE,TRUE,FALSE,FALSE,FALSE,TRUE
437,2010,"experimental","human",215,TRUE,NA,FALSE,FALSE,FALSE,FALSE,FALSE,FALSE
438,2013,"experimental","nonhuman",256,TRUE,NA,FALSE,TRUE,FALSE,FALSE,TRUE,TRUE
439,2013,"observational","human",357,TRUE,NA,FALSE,TRUE,FALSE,FALSE,TRUE,TRUE
440,2016,"observational","human",357,TRUE,NA,FALSE,TRUE,FALSE,FALSE,TRUE,TRUE
441,2016,"observational","human",357,TRUE,NA,FALSE,TRUE,FALSE,FALSE,TRUE,TRUE
442,2016,"observational","human",357,TRUE,NA,TRUE,TRUE,FALSE,FALSE,FALSE,TRUE
443,1955,"experimental","human",103,FALSE,"author dead",FALSE,FALSE,FALSE,FALSE,FALSE,FALSE
444,1967,"experimental","human",234,FALSE,"no address available",FALSE,FALSE,FALSE,FALSE,FALSE,FALSE
445,1962,"experimental","human",253,FALSE,"no address available",FALSE,FALSE,FALSE,FALSE,FALSE,FALSE
446,2016,"observational","human",298,TRUE,NA,TRUE,TRUE,FALSE,FALSE,FALSE,TRUE
447,1991,"experimental","nonhuman",71,TRUE,NA,FALSE,TRUE,FALSE,FALSE,FALSE,FALSE
448,1992,"experimental","nonhuman",71,TRUE,NA,FALSE,TRUE,FALSE,FALSE,FALSE,FALSE
449,2016,"observational","human",134,TRUE,NA,FALSE,TRUE,FALSE,FALSE,FALSE,FALSE
450,2007,"observational","nonhuman",74,TRUE,NA,TRUE,FALSE,FALSE,FALSE,FALSE,TRUE
451,2013,"observational","nonhuman",74,TRUE,NA,FALSE,FALSE,FALSE,FALSE,FALSE,FALSE
452,2009,"observational","nonhuman",44,TRUE,NA,FALSE,FALSE,FALSE,FALSE,FALSE,FALSE
453,2009,"experimental","nonhuman",303,TRUE,NA,FALSE,TRUE,FALSE,FALSE,TRUE,TRUE
454,1979,"experimental","nonhuman",197,FALSE,"no address available",FALSE,FALSE,FALSE,FALSE,FALSE,FALSE
455,2007,"experimental","nonhuman",62,TRUE,NA,FALSE,TRUE,FALSE,FALSE,FALSE,FALSE
456,1997,"experimental","nonhuman",143,TRUE,NA,FALSE,TRUE,FALSE,FALSE,FALSE,FALSE
457,2012,"experimental","nonhuman",23,TRUE,NA,FALSE,TRUE,FALSE,FALSE,TRUE,TRUE
458,2014,"experimental","nonhuman",23,TRUE,NA,FALSE,TRUE,FALSE,FALSE,TRUE,TRUE
459,2008,"observational","nonhuman",51,TRUE,NA,FALSE,FALSE,FALSE,FALSE,FALSE,FALSE
460,2003,"experimental","human",19,TRUE,NA,FALSE,TRUE,FALSE,FALSE,TRUE,TRUE
461,2006,"experimental","nonhuman",317,TRUE,NA,FALSE,FALSE,FALSE,FALSE,FALSE,FALSE
462,2007,"experimental","nonhuman",155,TRUE,NA,FALSE,FALSE,FALSE,FALSE,FALSE,FALSE
463,1984,"experimental","nonhuman",85,TRUE,NA,FALSE,FALSE,FALSE,FALSE,FALSE,FALSE
464,1990,"experimental","nonhuman",85,TRUE,NA,FALSE,FALSE,FALSE,FALSE,FALSE,FALSE
465,2002,"experimental","nonhuman",45,TRUE,NA,FALSE,FALSE,FALSE,FALSE,FALSE,FALSE
466,2007,"experimental","nonhuman",89,TRUE,NA,FALSE,FALSE,FALSE,FALSE,FALSE,FALSE
467,2007,"experimental","nonhuman",352,TRUE,NA,FALSE,FALSE,FALSE,FALSE,FALSE,FALSE
468,2011,"experimental","nonhuman",352,TRUE,NA,FALSE,FALSE,FALSE,FALSE,FALSE,FALSE
469,1999,"experimental","nonhuman",179,TRUE,NA,FALSE,TRUE,FALSE,FALSE,FALSE,FALSE
470,2002,"observational","nonhuman",354,TRUE,NA,FALSE,TRUE,FALSE,FALSE,FALSE,FALSE
471,1997,"experimental","nonhuman",92,TRUE,NA,FALSE,FALSE,FALSE,FALSE,FALSE,FALSE
472,2008,"experimental","nonhuman",102,TRUE,NA,FALSE,TRUE,FALSE,FALSE,FALSE,FALSE
473,2007,"experimental","human",200,TRUE,NA,FALSE,TRUE,FALSE,FALSE,FALSE,FALSE
474,2001,"experimental","nonhuman",334,TRUE,NA,FALSE,FALSE,FALSE,FALSE,FALSE,FALSE
475,2018,"experimental","human",304,FALSE,"materials available",TRUE,FALSE,FALSE,FALSE,FALSE,TRUE
476,2015,"experimental","human",174,TRUE,NA,FALSE,TRUE,FALSE,FALSE,TRUE,TRUE
477,1990,"experimental","nonhuman",252,FALSE,"no address available",FALSE,FALSE,FALSE,FALSE,FALSE,FALSE
478,1985,"experimental","nonhuman",196,FALSE,"no address available",FALSE,FALSE,FALSE,FALSE,FALSE,FALSE
479,2005,"experimental","nonhuman",171,TRUE,NA,FALSE,TRUE,FALSE,FALSE,TRUE,TRUE
480,2016,"experimental","human",358,TRUE,NA,TRUE,TRUE,FALSE,FALSE,FALSE,TRUE
481,2001,"experimental","nonhuman",360,TRUE,NA,FALSE,TRUE,FALSE,FALSE,FALSE,FALSE
482,2014,"experimental","human",254,TRUE,NA,TRUE,TRUE,FALSE,FALSE,FALSE,TRUE
483,2015,"experimental","human",254,TRUE,NA,FALSE,TRUE,FALSE,FALSE,TRUE,TRUE
484,2011,"experimental","human",284,TRUE,NA,FALSE,TRUE,FALSE,FALSE,TRUE,TRUE
485,2018,"observational","nonhuman",11,TRUE,NA,FALSE,FALSE,FALSE,FALSE,FALSE,FALSE
486,1998,"observational","nonhuman",140,TRUE,NA,FALSE,FALSE,TRUE,FALSE,FALSE,FALSE
487,2001,"experimental","nonhuman",302,TRUE,NA,FALSE,TRUE,FALSE,FALSE,FALSE,FALSE
488,2009,"observational","human",153,TRUE,NA,FALSE,TRUE,FALSE,FALSE,TRUE,TRUE
489,1995,"experimental","nonhuman",160,TRUE,NA,FALSE,TRUE,FALSE,FALSE,FALSE,FALSE
490,1996,"experimental","nonhuman",160,TRUE,NA,FALSE,TRUE,FALSE,FALSE,FALSE,FALSE
491,1999,"experimental","nonhuman",160,TRUE,NA,FALSE,TRUE,FALSE,FALSE,FALSE,FALSE
492,2014,"experimental","human",70,TRUE,NA,FALSE,TRUE,FALSE,FALSE,TRUE,TRUE
493,1996,"experimental","nonhuman",175,TRUE,NA,FALSE,TRUE,FALSE,FALSE,FALSE,FALSE
494,2004,"experimental","nonhuman",297,TRUE,NA,FALSE,TRUE,FALSE,FALSE,FALSE,FALSE
495,2006,"observational","nonhuman",6,TRUE,NA,FALSE,FALSE,FALSE,FALSE,FALSE,FALSE
496,2008,"observational","nonhuman",6,TRUE,NA,FALSE,FALSE,FALSE,FALSE,FALSE,FALSE
497,2008,"experimental","nonhuman",6,TRUE,NA,FALSE,FALSE,FALSE,FALSE,FALSE,FALSE
498,2009,"experimental","nonhuman",6,TRUE,NA,FALSE,FALSE,FALSE,FALSE,FALSE,FALSE
499,2009,"experimental","nonhuman",6,TRUE,NA,FALSE,FALSE,FALSE,FALSE,FALSE,FALSE
500,2010,"observational","nonhuman",6,TRUE,NA,FALSE,FALSE,FALSE,FALSE,FALSE,FALSE
501,2016,"experimental","nonhuman",299,TRUE,NA,FALSE,TRUE,FALSE,FALSE,TRUE,TRUE
502,2018,"experimental","nonhuman",299,TRUE,NA,FALSE,TRUE,FALSE,FALSE,TRUE,TRUE
503,2010,"experimental","human",353,TRUE,NA,FALSE,TRUE,FALSE,FALSE,TRUE,TRUE
504,2011,"experimental","human",353,TRUE,NA,FALSE,TRUE,FALSE,FALSE,TRUE,TRUE
505,2014,"experimental","human",353,TRUE,NA,FALSE,TRUE,FALSE,FALSE,TRUE,TRUE
506,1987,"experimental","nonhuman",248,TRUE,NA,FALSE,TRUE,FALSE,FALSE,FALSE,FALSE
507,1993,"experimental","human",248,TRUE,NA,FALSE,TRUE,FALSE,FALSE,FALSE,FALSE
508,1997,"experimental","nonhuman",292,FALSE,"data unavailable already known",FALSE,FALSE,FALSE,FALSE,FALSE,FALSE
509,2017,"observational","nonhuman",129,TRUE,NA,FALSE,TRUE,FALSE,FALSE,FALSE,FALSE
510,2017,"experimental","human",129,TRUE,NA,TRUE,TRUE,FALSE,FALSE,FALSE,TRUE
511,1996,"experimental","nonhuman",271,TRUE,NA,FALSE,FALSE,FALSE,FALSE,FALSE,FALSE
512,2003,"observational","nonhuman",48,TRUE,NA,FALSE,TRUE,FALSE,FALSE,FALSE,FALSE
513,2004,"experimental","nonhuman",363,TRUE,NA,FALSE,TRUE,FALSE,FALSE,FALSE,FALSE
514,2006,"observational","nonhuman",48,TRUE,NA,FALSE,FALSE,FALSE,FALSE,FALSE,FALSE
515,2010,"experimental","nonhuman",117,TRUE,NA,FALSE,TRUE,FALSE,FALSE,FALSE,FALSE
516,2012,"observational","nonhuman",104,TRUE,NA,TRUE,TRUE,FALSE,FALSE,FALSE,TRUE
517,2012,"experimental","nonhuman",117,TRUE,NA,FALSE,TRUE,FALSE,FALSE,FALSE,FALSE
518,2013,"experimental","nonhuman",104,TRUE,NA,FALSE,TRUE,FALSE,FALSE,TRUE,TRUE
519,2013,"experimental","nonhuman",117,TRUE,NA,TRUE,TRUE,FALSE,FALSE,FALSE,TRUE
520,2013,"experimental","nonhuman",117,TRUE,NA,FALSE,TRUE,FALSE,FALSE,FALSE,FALSE
521,2014,"observational","nonhuman",104,TRUE,NA,FALSE,TRUE,FALSE,FALSE,TRUE,TRUE
522,2014,"experimental","human",104,TRUE,NA,TRUE,TRUE,FALSE,FALSE,FALSE,TRUE
523,2015,"experimental","human",279,TRUE,NA,FALSE,TRUE,FALSE,FALSE,TRUE,TRUE
524,2015,"experimental","nonhuman",117,TRUE,NA,FALSE,TRUE,FALSE,FALSE,TRUE,TRUE
525,2017,"experimental","nonhuman",117,TRUE,NA,FALSE,TRUE,FALSE,FALSE,FALSE,FALSE
526,2005,"experimental","nonhuman",305,TRUE,NA,FALSE,TRUE,FALSE,FALSE,FALSE,FALSE
527,1990,"experimental","nonhuman",107,TRUE,NA,FALSE,TRUE,FALSE,FALSE,FALSE,FALSE
528,2000,"experimental","nonhuman",107,TRUE,NA,FALSE,TRUE,FALSE,FALSE,TRUE,TRUE
529,2007,"experimental","nonhuman",35,TRUE,NA,FALSE,TRUE,FALSE,FALSE,TRUE,TRUE
530,1993,"experimental","nonhuman",122,TRUE,NA,FALSE,TRUE,FALSE,FALSE,FALSE,FALSE
531,2001,"experimental","human",321,TRUE,NA,FALSE,TRUE,FALSE,FALSE,FALSE,FALSE
532,2012,"experimental","nonhuman",28,TRUE,NA,FALSE,TRUE,FALSE,FALSE,FALSE,FALSE
533,2014,"experimental","human",137,TRUE,NA,FALSE,TRUE,FALSE,FALSE,FALSE,FALSE
534,2017,"experimental","nonhuman",323,TRUE,NA,FALSE,TRUE,FALSE,FALSE,FALSE,FALSE
535,2018,"experimental","nonhuman",323,TRUE,NA,TRUE,TRUE,FALSE,FALSE,FALSE,TRUE
536,2007,"experimental","human",87,TRUE,NA,FALSE,TRUE,FALSE,FALSE,TRUE,TRUE
537,2006,"experimental","nonhuman",246,TRUE,NA,FALSE,TRUE,FALSE,FALSE,TRUE,TRUE
538,2008,"experimental","nonhuman",246,TRUE,NA,FALSE,TRUE,FALSE,FALSE,TRUE,TRUE
539,1988,"experimental","nonhuman",30,TRUE,NA,FALSE,TRUE,FALSE,FALSE,FALSE,FALSE
540,1980,"experimental","nonhuman",273,TRUE,NA,FALSE,FALSE,FALSE,FALSE,FALSE,FALSE
541,2017,"experimental","human",266,TRUE,NA,FALSE,TRUE,FALSE,FALSE,FALSE,FALSE
542,1999,"experimental","nonhuman",86,TRUE,NA,FALSE,TRUE,FALSE,FALSE,FALSE,FALSE
543,1999,"experimental","nonhuman",86,TRUE,NA,FALSE,TRUE,FALSE,FALSE,FALSE,FALSE
544,1996,"experimental","human",20,TRUE,NA,FALSE,TRUE,FALSE,FALSE,FALSE,FALSE
545,2005,"experimental","nonhuman",20,TRUE,NA,FALSE,TRUE,FALSE,FALSE,FALSE,FALSE
546,2007,"experimental","nonhuman",20,TRUE,NA,FALSE,TRUE,FALSE,FALSE,FALSE,FALSE
547,2010,"experimental","human",20,TRUE,NA,FALSE,TRUE,FALSE,FALSE,FALSE,FALSE
548,2010,"experimental","nonhuman",24,TRUE,NA,FALSE,TRUE,FALSE,FALSE,TRUE,TRUE
549,2015,"experimental","human",236,TRUE,NA,FALSE,TRUE,FALSE,FALSE,TRUE,TRUE
550,2013,"experimental","human",345,TRUE,NA,FALSE,TRUE,FALSE,FALSE,TRUE,TRUE
551,2002,"experimental","nonhuman",194,TRUE,NA,FALSE,FALSE,FALSE,FALSE,FALSE,FALSE
552,2012,"experimental","human",197,TRUE,NA,FALSE,TRUE,FALSE,FALSE,FALSE,FALSE
553,2005,"experimental","nonhuman",40,TRUE,NA,FALSE,FALSE,FALSE,FALSE,FALSE,FALSE
554,2016,"observational","nonhuman",291,TRUE,NA,FALSE,TRUE,FALSE,FALSE,TRUE,TRUE
555,2010,"experimental","human",167,TRUE,NA,FALSE,TRUE,FALSE,FALSE,FALSE,FALSE
556,2013,"experimental","human",167,TRUE,NA,FALSE,TRUE,FALSE,FALSE,FALSE,FALSE
557,2016,"experimental","human",105,TRUE,NA,FALSE,FALSE,TRUE,FALSE,FALSE,FALSE
558,2000,"experimental","nonhuman",118,TRUE,NA,FALSE,FALSE,TRUE,FALSE,FALSE,FALSE
559,1996,"experimental","nonhuman",346,TRUE,NA,FALSE,FALSE,FALSE,FALSE,FALSE,FALSE
560,2015,"experimental","human",106,TRUE,NA,FALSE,FALSE,FALSE,FALSE,FALSE,FALSE
